name,set,series,release_date,rarity,supertype,subtypes,types,hp,artist,market_price_usd
Scatterbug,Scarlet & Violet,Scarlet & Violet,2023/03/31,Common,Pokémon,Basic,Grass,30,sowsow,0.17
Pineco,Scarlet & Violet,Scarlet & Violet,2023/03/31,Common,Pokémon,Basic,Grass,60,Shigenori Negishi,0.12
Cacturne,Scarlet & Violet,Scarlet & Violet,2023/03/31,Uncommon,Pokémon,Stage 1,Grass,130,DOM,0.21
Gogoat,Scarlet & Violet,Scarlet & Violet,2023/03/31,Common,Pokémon,Stage 1,Grass,130,Gemi,0.14
Sprigatito,Scarlet & Violet,Scarlet & Violet,2023/03/31,Common,Pokémon,Basic,Grass,70,Saya Tsuruta,0.27
Meowscarada,Scarlet & Violet,Scarlet & Violet,2023/03/31,Rare,Pokémon,Stage 2,Grass,160,Ryota Murayama,0.29
Tarountula,Scarlet & Violet,Scarlet & Violet,2023/03/31,Common,Pokémon,Basic,Grass,40,Tika Matsuno,0.17
Tarountula,Scarlet & Violet,Scarlet & Violet,2023/03/31,Common,Pokémon,Basic,Grass,60,Kouki Saitou,0.1
Smoliv,Scarlet & Violet,Scarlet & Violet,2023/03/31,Common,Pokémon,Basic,Grass,50,yuu,0.23
Smoliv,Scarlet & Violet,Scarlet & Violet,2023/03/31,Common,Pokémon,Basic,Grass,60,Shibuzoh.,0.21
Spidops ex,Scarlet & Violet,Scarlet & Violet,2023/03/31,Double Rare,Pokémon,"Stage 1, ex",Grass,260,takuyoa,0.61
Arboliva,Scarlet & Violet,Scarlet & Violet,2023/03/31,Rare,Pokémon,Stage 2,Grass,150,Kouki Saitou,0.21
Toedscool,Scarlet & Violet,Scarlet & Violet,2023/03/31,Common,Pokémon,Basic,Grass,50,Shin Nagasawa,0.08
Heracross,Scarlet & Violet,Scarlet & Violet,2023/03/31,Uncommon,Pokémon,Basic,Grass,120,Taira Akitsu,0.11
Breloom,Scarlet & Violet,Scarlet & Violet,2023/03/31,Uncommon,Pokémon,Stage 1,Grass,110,Ryuta Fuse,0.14
Tropius,Scarlet & Violet,Scarlet & Violet,2023/03/31,Common,Pokémon,Basic,Grass,100,aoki,0.11
Vivillon,Scarlet & Violet,Scarlet & Violet,2023/03/31,Uncommon,Pokémon,Stage 2,Grass,120,Atsuko Nishida,0.21
Skiddo,Scarlet & Violet,Scarlet & Violet,2023/03/31,Common,Pokémon,Basic,Grass,60,Tika Matsuno,0.09
Floragato,Scarlet & Violet,Scarlet & Violet,2023/03/31,Uncommon,Pokémon,Stage 1,Grass,90,Kouki Saitou,0.16
Toedscruel,Scarlet & Violet,Scarlet & Violet,2023/03/31,Uncommon,Pokémon,Stage 1,Grass,120,nagimiso,0.09
Shroomish,Scarlet & Violet,Scarlet & Violet,2023/03/31,Common,Pokémon,Basic,Grass,60,kurumitsu,0.13
Cacnea,Scarlet & Violet,Scarlet & Violet,2023/03/31,Common,Pokémon,Basic,Grass,60,Tika Matsuno,0.12
Spewpa,Scarlet & Violet,Scarlet & Violet,2023/03/31,Common,Pokémon,Stage 1,Grass,70,Kagemaru Himeno,0.14
Tarountula,Scarlet & Violet,Scarlet & Violet,2023/03/31,Common,Pokémon,Basic,Grass,40,Pani Kobayashi,0.17
Dolliv,Scarlet & Violet,Scarlet & Violet,2023/03/31,Common,Pokémon,Stage 1,Grass,90,Mina Nakai,0.16
Toedscool,Scarlet & Violet,Scarlet & Violet,2023/03/31,Common,Pokémon,Basic,Grass,60,Tika Matsuno,0.1
Gyarados ex,Scarlet & Violet,Scarlet & Violet,2023/03/31,Double Rare,Pokémon,"Stage 1, Tera, ex",Water,300,5ban Graphics,1.79
Scovillain,Scarlet & Violet,Scarlet & Violet,2023/03/31,Uncommon,Pokémon,Stage 1,Grass,110,KEIICHIRO ITO,0.2
Bruxish,Scarlet & Violet,Scarlet & Violet,2023/03/31,Common,Pokémon,Basic,Water,100,kurumitsu,0.11
Wiglett,Scarlet & Violet,Scarlet & Violet,2023/03/31,Common,Pokémon,Basic,Water,60,Tika Matsuno,0.12
Crocalor,Scarlet & Violet,Scarlet & Violet,2023/03/31,Uncommon,Pokémon,Stage 1,Fire,100,kantaro,0.11
Wugtrio,Scarlet & Violet,Scarlet & Violet,2023/03/31,Uncommon,Pokémon,Stage 1,Water,90,KIYOTAKA OSHIYAMA,0.22
Skeledirge,Scarlet & Violet,Scarlet & Violet,2023/03/31,Rare,Pokémon,Stage 2,Fire,180,nagimiso,0.17
Cetoddle,Scarlet & Violet,Scarlet & Violet,2023/03/31,Common,Pokémon,Basic,Water,100,Kouki Saitou,0.09
Charcadet,Scarlet & Violet,Scarlet & Violet,2023/03/31,Common,Pokémon,Basic,Fire,70,nagimiso,0.12
Buizel,Scarlet & Violet,Scarlet & Violet,2023/03/31,Common,Pokémon,Basic,Water,70,Mizue,0.16
Cetitan,Scarlet & Violet,Scarlet & Violet,2023/03/31,Uncommon,Pokémon,Stage 1,Water,180,Anesaki Dynamic,0.08
Clauncher,Scarlet & Violet,Scarlet & Violet,2023/03/31,Common,Pokémon,Basic,Water,70,miki kudo,0.08
Clawitzer,Scarlet & Violet,Scarlet & Violet,2023/03/31,Common,Pokémon,Stage 1,Water,120,Souichirou Gunjima,0.12
Quaxwell,Scarlet & Violet,Scarlet & Violet,2023/03/31,Uncommon,Pokémon,Stage 1,Water,100,kirisAki,0.08
Quaquaval,Scarlet & Violet,Scarlet & Violet,2023/03/31,Rare,Pokémon,Stage 2,Water,170,Kouki Saitou,0.23
Wiglett,Scarlet & Violet,Scarlet & Violet,2023/03/31,Common,Pokémon,Basic,Water,50,Shin Nagasawa,0.17
Capsakid,Scarlet & Violet,Scarlet & Violet,2023/03/31,Common,Pokémon,Basic,Grass,60,Kouki Saitou,0.1
Growlithe,Scarlet & Violet,Scarlet & Violet,2023/03/31,Common,Pokémon,Basic,Fire,70,kawayoo,0.26
Capsakid,Scarlet & Violet,Scarlet & Violet,2023/03/31,Common,Pokémon,Basic,Grass,70,GIDORA,0.2
Arcanine ex,Scarlet & Violet,Scarlet & Violet,2023/03/31,Double Rare,Pokémon,"Stage 1, Tera, ex",Fire,280,5ban Graphics,1.28
Torkoal,Scarlet & Violet,Scarlet & Violet,2023/03/31,Uncommon,Pokémon,Basic,Fire,130,Kurata So,0.23
Fuecoco,Scarlet & Violet,Scarlet & Violet,2023/03/31,Common,Pokémon,Basic,Fire,80,Akira Komayama,0.22
Charcadet,Scarlet & Violet,Scarlet & Violet,2023/03/31,Common,Pokémon,Basic,Fire,60,Souichirou Gunjima,0.13
Slowbro,Scarlet & Violet,Scarlet & Violet,2023/03/31,Rare,Pokémon,Stage 1,Water,100,Shinji Kanda,0.46
Floatzel,Scarlet & Violet,Scarlet & Violet,2023/03/31,Uncommon,Pokémon,Stage 1,Water,120,Gemi,0.1
Alomomola,Scarlet & Violet,Scarlet & Violet,2023/03/31,Common,Pokémon,Basic,Water,120,Shinji Kanda,0.15
Growlithe,Scarlet & Violet,Scarlet & Violet,2023/03/31,Common,Pokémon,Basic,Fire,90,Tika Matsuno,0.39
Houndour,Scarlet & Violet,Scarlet & Violet,2023/03/31,Common,Pokémon,Basic,Fire,70,nagimiso,0.11
Houndoom,Scarlet & Violet,Scarlet & Violet,2023/03/31,Common,Pokémon,Stage 1,Fire,120,hncl,0.21
Armarouge,Scarlet & Violet,Scarlet & Violet,2023/03/31,Rare,Pokémon,Stage 1,Fire,130,AKIRA EGAWA,0.21
Slowpoke,Scarlet & Violet,Scarlet & Violet,2023/03/31,Common,Pokémon,Basic,Water,70,Narumi Sato,0.23
Magikarp,Scarlet & Violet,Scarlet & Violet,2023/03/31,Common,Pokémon,Basic,Water,30,KIYOTAKA OSHIYAMA,0.17
Quaxly,Scarlet & Violet,Scarlet & Violet,2023/03/31,Common,Pokémon,Basic,Water,70,Mizue,0.12
Cetoddle,Scarlet & Violet,Scarlet & Violet,2023/03/31,Common,Pokémon,Basic,Water,80,Shin Nagasawa,0.17
Dondozo,Scarlet & Violet,Scarlet & Violet,2023/03/31,Rare,Pokémon,Basic,Water,160,Souichirou Gunjima,0.18
Magnemite,Scarlet & Violet,Scarlet & Violet,2023/03/31,Common,Pokémon,Basic,Lightning,60,KIYOTAKA OSHIYAMA,0.05
Magneton,Scarlet & Violet,Scarlet & Violet,2023/03/31,Common,Pokémon,Stage 1,Lightning,90,Shiburingaru,0.11
Tatsugiri,Scarlet & Violet,Scarlet & Violet,2023/03/31,Uncommon,Pokémon,Basic,Water,70,OKACHEKE,0.13
Rotom,Scarlet & Violet,Scarlet & Violet,2023/03/31,Common,Pokémon,Basic,Lightning,60,Nisota Niso,0.22
Mareep,Scarlet & Violet,Scarlet & Violet,2023/03/31,Common,Pokémon,Basic,Lightning,60,Narumi Sato,0.23
Pawmot,Scarlet & Violet,Scarlet & Violet,2023/03/31,Rare,Pokémon,Stage 2,Lightning,130,Mizue,0.22
Pawmo,Scarlet & Violet,Scarlet & Violet,2023/03/31,Common,Pokémon,Stage 1,Lightning,90,Saya Tsuruta,0.18
Miraidon,Scarlet & Violet,Scarlet & Violet,2023/03/31,Rare,Pokémon,Basic,Lightning,120,Kouki Saitou,0.19
Wattrel,Scarlet & Violet,Scarlet & Violet,2023/03/31,Common,Pokémon,Basic,Lightning,50,Saya Tsuruta,0.18
Miraidon ex,Scarlet & Violet,Scarlet & Violet,2023/03/31,Double Rare,Pokémon,"Basic, ex",Lightning,220,5ban Graphics,0.64
Wattrel,Scarlet & Violet,Scarlet & Violet,2023/03/31,Common,Pokémon,Basic,Lightning,60,Shin Nagasawa,0.08
Hypno,Scarlet & Violet,Scarlet & Violet,2023/03/31,Uncommon,Pokémon,Stage 1,Psychic,110,Toshinao Aoki,0.13
Kilowattrel,Scarlet & Violet,Scarlet & Violet,2023/03/31,Uncommon,Pokémon,Stage 1,Lightning,120,Kouki Saitou,0.11
Gardevoir ex,Scarlet & Violet,Scarlet & Violet,2023/03/31,Double Rare,Pokémon,"Stage 2, ex",Psychic,310,N-DESIGN Inc.,0.73
Dedenne,Scarlet & Violet,Scarlet & Violet,2023/03/31,Common,Pokémon,Basic,Psychic,70,zig,0.11
Drowzee,Scarlet & Violet,Scarlet & Violet,2023/03/31,Common,Pokémon,Basic,Psychic,70,OKACHEKE,0.07
Klefki,Scarlet & Violet,Scarlet & Violet,2023/03/31,Rare,Pokémon,Basic,Psychic,70,GOSSAN,0.33
Ralts,Scarlet & Violet,Scarlet & Violet,2023/03/31,Common,Pokémon,Basic,Psychic,70,Tika Matsuno,0.07
Fidough,Scarlet & Violet,Scarlet & Violet,2023/03/31,Common,Pokémon,Basic,Psychic,50,Mizue,0.21
Kirlia,Scarlet & Violet,Scarlet & Violet,2023/03/31,Common,Pokémon,Stage 1,Psychic,90,kawayoo,0.2
Fidough,Scarlet & Violet,Scarlet & Violet,2023/03/31,Common,Pokémon,Basic,Psychic,60,Saya Tsuruta,0.27
Shuppet,Scarlet & Violet,Scarlet & Violet,2023/03/31,Common,Pokémon,Basic,Psychic,60,Jerky,0.14
Flittle,Scarlet & Violet,Scarlet & Violet,2023/03/31,Common,Pokémon,Basic,Psychic,40,Tika Matsuno,0.2
Drifloon,Scarlet & Violet,Scarlet & Violet,2023/03/31,Common,Pokémon,Basic,Psychic,70,Taira Akitsu,0.12
Drifblim,Scarlet & Violet,Scarlet & Violet,2023/03/31,Uncommon,Pokémon,Stage 1,Psychic,110,Yuu Nishida,0.2
Flabébé,Scarlet & Violet,Scarlet & Violet,2023/03/31,Common,Pokémon,Basic,Psychic,40,Mizue,0.13
Magnezone ex,Scarlet & Violet,Scarlet & Violet,2023/03/31,Double Rare,Pokémon,"Stage 2, ex",Lightning,330,hncl,0.59
Flaaffy,Scarlet & Violet,Scarlet & Violet,2023/03/31,Uncommon,Pokémon,Stage 1,Lightning,90,Kurata So,0.34
Toxel,Scarlet & Violet,Scarlet & Violet,2023/03/31,Common,Pokémon,Basic,Lightning,70,Yuu Nishida,0.18
Toxtricity,Scarlet & Violet,Scarlet & Violet,2023/03/31,Uncommon,Pokémon,Stage 1,Lightning,130,Atsushi Furusawa,0.12
Pawmi,Scarlet & Violet,Scarlet & Violet,2023/03/31,Common,Pokémon,Basic,Lightning,60,kantaro,0.1
Florges,Scarlet & Violet,Scarlet & Violet,2023/03/31,Uncommon,Pokémon,Stage 2,Psychic,140,Haru Akasaka,0.11
Flittle,Scarlet & Violet,Scarlet & Violet,2023/03/31,Common,Pokémon,Basic,Psychic,30,Hitoshi Ariga,0.21
Pachirisu,Scarlet & Violet,Scarlet & Violet,2023/03/31,Uncommon,Pokémon,Basic,Lightning,70,Naoki Saito,0.14
Rotom,Scarlet & Violet,Scarlet & Violet,2023/03/31,Common,Pokémon,Basic,Lightning,80,Kouki Saitou,0.2
Pawmi,Scarlet & Violet,Scarlet & Violet,2023/03/31,Common,Pokémon,Basic,Lightning,50,Tika Matsuno,0.14
Banette ex,Scarlet & Violet,Scarlet & Violet,2023/03/31,Double Rare,Pokémon,"Stage 1, ex",Psychic,250,PLANETA Mochizuki,0.69
Floette,Scarlet & Violet,Scarlet & Violet,2023/03/31,Common,Pokémon,Stage 1,Psychic,70,saino misaki,0.1
Dedenne,Scarlet & Violet,Scarlet & Violet,2023/03/31,Common,Pokémon,Basic,Psychic,70,Nelnal,0.17
Dachsbun,Scarlet & Violet,Scarlet & Violet,2023/03/31,Uncommon,Pokémon,Stage 1,Psychic,90,You Iribi,0.23
Flittle,Scarlet & Violet,Scarlet & Violet,2023/03/31,Common,Pokémon,Basic,Psychic,40,Pani Kobayashi,0.11
Greavard,Scarlet & Violet,Scarlet & Violet,2023/03/31,Common,Pokémon,Basic,Psychic,80,Shin Nagasawa,0.15
Greavard,Scarlet & Violet,Scarlet & Violet,2023/03/31,Common,Pokémon,Basic,Psychic,70,yuu,0.17
Espathra,Scarlet & Violet,Scarlet & Violet,2023/03/31,Uncommon,Pokémon,Stage 1,Psychic,110,Hitoshi Ariga,0.04
Houndstone,Scarlet & Violet,Scarlet & Violet,2023/03/31,Rare,Pokémon,Stage 1,Psychic,140,Kouki Saitou,0.25
Mankey,Scarlet & Violet,Scarlet & Violet,2023/03/31,Common,Pokémon,Basic,Fighting,60,nagimiso,0.14
Primeape,Scarlet & Violet,Scarlet & Violet,2023/03/31,Common,Pokémon,Stage 1,Fighting,90,Ryuta Fuse,0.1
Annihilape,Scarlet & Violet,Scarlet & Violet,2023/03/31,Rare,Pokémon,Stage 2,Fighting,140,Anesaki Dynamic,0.19
Medicham,Scarlet & Violet,Scarlet & Violet,2023/03/31,Uncommon,Pokémon,Stage 1,Fighting,90,Jerky,0.1
Meditite,Scarlet & Violet,Scarlet & Violet,2023/03/31,Common,Pokémon,Basic,Fighting,60,miki kudo,0.12
Riolu,Scarlet & Violet,Scarlet & Violet,2023/03/31,Common,Pokémon,Basic,Fighting,70,chibi,0.16
Riolu,Scarlet & Violet,Scarlet & Violet,2023/03/31,Common,Pokémon,Basic,Fighting,70,Naoyo Kimura,0.21
Lucario,Scarlet & Violet,Scarlet & Violet,2023/03/31,Uncommon,Pokémon,Stage 1,Fighting,130,Nurikabe,0.29
Sandile,Scarlet & Violet,Scarlet & Violet,2023/03/31,Common,Pokémon,Basic,Fighting,70,Tomokazu Komiya,0.22
Krookodile,Scarlet & Violet,Scarlet & Violet,2023/03/31,Uncommon,Pokémon,Stage 2,Fighting,170,Misa Tsutsui,0.17
Hawlucha,Scarlet & Violet,Scarlet & Violet,2023/03/31,Rare,Pokémon,Basic,Fighting,70,GOSSAN,0.3
Krokorok,Scarlet & Violet,Scarlet & Violet,2023/03/31,Common,Pokémon,Stage 1,Fighting,100,kantaro,0.12
Silicobra,Scarlet & Violet,Scarlet & Violet,2023/03/31,Common,Pokémon,Basic,Fighting,80,Kouki Saitou,0.12
Sandaconda,Scarlet & Violet,Scarlet & Violet,2023/03/31,Uncommon,Pokémon,Stage 1,Fighting,140,Yuya Oka,0.1
Stonjourner,Scarlet & Violet,Scarlet & Violet,2023/03/31,Uncommon,Pokémon,Basic,Fighting,130,Yuka Morii,0.17
Great Tusk ex,Scarlet & Violet,Scarlet & Violet,2023/03/31,Double Rare,Pokémon,"Basic, ex",Fighting,250,5ban Graphics,0.52
Klawf,Scarlet & Violet,Scarlet & Violet,2023/03/31,Rare,Pokémon,Basic,Fighting,130,nagimiso,0.13
Koraidon,Scarlet & Violet,Scarlet & Violet,2023/03/31,Rare,Pokémon,Basic,Fighting,130,Kouki Saitou,0.15
Koraidon ex,Scarlet & Violet,Scarlet & Violet,2023/03/31,Double Rare,Pokémon,"Basic, ex",Fighting,230,aky CG Works,0.54
Grimer,Scarlet & Violet,Scarlet & Violet,2023/03/31,Common,Pokémon,Basic,Darkness,80,Kouki Saitou,0.17
Muk,Scarlet & Violet,Scarlet & Violet,2023/03/31,Uncommon,Pokémon,Stage 1,Darkness,140,Haru Akasaka,0.12
Seviper,Scarlet & Violet,Scarlet & Violet,2023/03/31,Common,Pokémon,Basic,Darkness,120,sui,0.09
Pawniard,Scarlet & Violet,Scarlet & Violet,2023/03/31,Common,Pokémon,Basic,Darkness,70,sowsow,0.15
Spiritomb,Scarlet & Violet,Scarlet & Violet,2023/03/31,Uncommon,Pokémon,Basic,Darkness,70,Naoyo Kimura,0.07
Croagunk,Scarlet & Violet,Scarlet & Violet,2023/03/31,Common,Pokémon,Basic,Darkness,70,Shiburingaru,0.08
Toxicroak ex,Scarlet & Violet,Scarlet & Violet,2023/03/31,Double Rare,Pokémon,"Stage 1, ex",Darkness,250,Nisota Niso,0.67
Bisharp,Scarlet & Violet,Scarlet & Violet,2023/03/31,Common,Pokémon,Stage 1,Darkness,120,Hideki Ishikawa,0.11
Kingambit,Scarlet & Violet,Scarlet & Violet,2023/03/31,Rare,Pokémon,Stage 2,Darkness,170,Anesaki Dynamic,0.22
Maschiff,Scarlet & Violet,Scarlet & Violet,2023/03/31,Common,Pokémon,Basic,Darkness,70,kantaro,0.21
Maschiff,Scarlet & Violet,Scarlet & Violet,2023/03/31,Common,Pokémon,Basic,Darkness,80,KEIICHIRO ITO,0.19
Forretress,Scarlet & Violet,Scarlet & Violet,2023/03/31,Uncommon,Pokémon,Stage 1,Metal,120,Lee HyunJung,0.23
Mabosstiff,Scarlet & Violet,Scarlet & Violet,2023/03/31,Uncommon,Pokémon,Stage 1,Darkness,130,KIYOTAKA OSHIYAMA,0.14
Bombirdier,Scarlet & Violet,Scarlet & Violet,2023/03/31,Uncommon,Pokémon,Basic,Darkness,110,nagimiso,0.06
Varoom,Scarlet & Violet,Scarlet & Violet,2023/03/31,Common,Pokémon,Basic,Metal,60,Shin Nagasawa,0.05
Revavroom,Scarlet & Violet,Scarlet & Violet,2023/03/31,Rare,Pokémon,Stage 1,Metal,140,Anesaki Dynamic,0.17
Varoom,Scarlet & Violet,Scarlet & Violet,2023/03/31,Common,Pokémon,Basic,Metal,80,nagimiso,0.12
Iron Treads ex,Scarlet & Violet,Scarlet & Violet,2023/03/31,Double Rare,Pokémon,"Basic, ex",Metal,220,5ban Graphics,0.52
Chansey,Scarlet & Violet,Scarlet & Violet,2023/03/31,Common,Pokémon,Basic,Colorless,110,sui,0.15
Blissey,Scarlet & Violet,Scarlet & Violet,2023/03/31,Uncommon,Pokémon,Stage 1,Colorless,150,chibi,0.18
Zangoose,Scarlet & Violet,Scarlet & Violet,2023/03/31,Common,Pokémon,Basic,Colorless,90,Yuya Oka,0.13
Starly,Scarlet & Violet,Scarlet & Violet,2023/03/31,Common,Pokémon,Basic,Colorless,60,Yuka Morii,0.24
Zangoose,Scarlet & Violet,Scarlet & Violet,2023/03/31,Uncommon,Pokémon,Basic,Colorless,110,aoki,0.18
Skwovet,Scarlet & Violet,Scarlet & Violet,2023/03/31,Common,Pokémon,Basic,Colorless,60,HYOGONOSUKE,0.25
Staravia,Scarlet & Violet,Scarlet & Violet,2023/03/31,Common,Pokémon,Stage 1,Colorless,80,kantaro,0.14
Staraptor,Scarlet & Violet,Scarlet & Violet,2023/03/31,Uncommon,Pokémon,Stage 2,Colorless,150,Atsushi Furusawa,0.2
Indeedee,Scarlet & Violet,Scarlet & Violet,2023/03/31,Rare,Pokémon,Basic,Colorless,90,Kagemaru Himeno,0.18
Greedent,Scarlet & Violet,Scarlet & Violet,2023/03/31,Uncommon,Pokémon,Stage 1,Colorless,120,kantaro,0.12
Lechonk,Scarlet & Violet,Scarlet & Violet,2023/03/31,Common,Pokémon,Basic,Colorless,60,Teeziro,0.1
Oinkologne ex,Scarlet & Violet,Scarlet & Violet,2023/03/31,Double Rare,Pokémon,"Stage 1, ex",Colorless,260,aky CG Works,0.62
Oinkologne,Scarlet & Violet,Scarlet & Violet,2023/03/31,Uncommon,Pokémon,Stage 1,Colorless,120,kirisAki,0.11
Lechonk,Scarlet & Violet,Scarlet & Violet,2023/03/31,Common,Pokémon,Basic,Colorless,60,kodama,0.13
Lechonk,Scarlet & Violet,Scarlet & Violet,2023/03/31,Common,Pokémon,Basic,Colorless,70,Mina Nakai,0.14
Tandemaus,Scarlet & Violet,Scarlet & Violet,2023/03/31,Common,Pokémon,Basic,Colorless,30,Pani Kobayashi,0.41
Tandemaus,Scarlet & Violet,Scarlet & Violet,2023/03/31,Common,Pokémon,Basic,Colorless,40,yuu,0.4
Squawkabilly,Scarlet & Violet,Scarlet & Violet,2023/03/31,Common,Pokémon,Basic,Colorless,70,Oswaldo KATO,0.14
Maushold,Scarlet & Violet,Scarlet & Violet,2023/03/31,Uncommon,Pokémon,Stage 1,Colorless,70,KIYOTAKA OSHIYAMA,0.26
Cyclizar,Scarlet & Violet,Scarlet & Violet,2023/03/31,Rare,Pokémon,Basic,Colorless,110,Ryota Murayama,0.18
Cyclizar,Scarlet & Violet,Scarlet & Violet,2023/03/31,Uncommon,Pokémon,Basic,Colorless,110,AKIRA EGAWA,0.09
Flamigo,Scarlet & Violet,Scarlet & Violet,2023/03/31,Uncommon,Pokémon,Basic,Colorless,110,kantaro,0.19
Dolliv,Scarlet & Violet,Scarlet & Violet,2023/03/31,Illustration Rare,Pokémon,Stage 1,Grass,90,Oswaldo KATO,7.32
Tarountula,Scarlet & Violet,Scarlet & Violet,2023/03/31,Illustration Rare,Pokémon,Basic,Grass,40,Miki Tanaka,17.25
Toedscool,Scarlet & Violet,Scarlet & Violet,2023/03/31,Illustration Rare,Pokémon,Basic,Grass,50,Akira Komayama,5.78
Armarouge,Scarlet & Violet,Scarlet & Violet,2023/03/31,Illustration Rare,Pokémon,Stage 1,Fire,130,nagimiso,17.14
Scovillain,Scarlet & Violet,Scarlet & Violet,2023/03/31,Illustration Rare,Pokémon,Stage 1,Grass,110,KIYOTAKA OSHIYAMA,5.55
Wiglett,Scarlet & Violet,Scarlet & Violet,2023/03/31,Illustration Rare,Pokémon,Basic,Water,50,You Iribi,24.67
Slowpoke,Scarlet & Violet,Scarlet & Violet,2023/03/31,Illustration Rare,Pokémon,Basic,Water,70,Toshinao Aoki,41.19
Clauncher,Scarlet & Violet,Scarlet & Violet,2023/03/31,Illustration Rare,Pokémon,Basic,Water,70,Shinya Komatsu,8.18
Pawmot,Scarlet & Violet,Scarlet & Violet,2023/03/31,Illustration Rare,Pokémon,Stage 2,Lightning,130,Kouki Saitou,10.82
Pachirisu,Scarlet & Violet,Scarlet & Violet,2023/03/31,Illustration Rare,Pokémon,Basic,Lightning,70,zig,20.94
Drowzee,Scarlet & Violet,Scarlet & Violet,2023/03/31,Illustration Rare,Pokémon,Basic,Psychic,70,Tomokazu Komiya,61.73
Dondozo,Scarlet & Violet,Scarlet & Violet,2023/03/31,Illustration Rare,Pokémon,Basic,Water,160,AKIRA EGAWA,14.6
Greavard,Scarlet & Violet,Scarlet & Violet,2023/03/31,Illustration Rare,Pokémon,Basic,Psychic,70,sowsow,21.98
Riolu,Scarlet & Violet,Scarlet & Violet,2023/03/31,Illustration Rare,Pokémon,Basic,Fighting,70,Nelnal,38.54
Ralts,Scarlet & Violet,Scarlet & Violet,2023/03/31,Illustration Rare,Pokémon,Basic,Psychic,70,Jiro Sasumo,46.53
Kirlia,Scarlet & Violet,Scarlet & Violet,2023/03/31,Illustration Rare,Pokémon,Stage 1,Psychic,90,Jiro Sasumo,47.01
Fidough,Scarlet & Violet,Scarlet & Violet,2023/03/31,Illustration Rare,Pokémon,Basic,Psychic,60,Tika Matsuno,28.0
Klawf,Scarlet & Violet,Scarlet & Violet,2023/03/31,Illustration Rare,Pokémon,Basic,Fighting,130,Mina Nakai,5.65
Mabosstiff,Scarlet & Violet,Scarlet & Violet,2023/03/31,Illustration Rare,Pokémon,Stage 1,Darkness,130,OKACHEKE,8.3
Sandile,Scarlet & Violet,Scarlet & Violet,2023/03/31,Illustration Rare,Pokémon,Basic,Fighting,70,Nurikabe,6.62
Bombirdier,Scarlet & Violet,Scarlet & Violet,2023/03/31,Illustration Rare,Pokémon,Basic,Darkness,110,Shibuzoh.,5.84
Kingambit,Scarlet & Violet,Scarlet & Violet,2023/03/31,Illustration Rare,Pokémon,Stage 2,Darkness,170,Shin Nagasawa,10.4
Starly,Scarlet & Violet,Scarlet & Violet,2023/03/31,Illustration Rare,Pokémon,Basic,Colorless,60,saino misaki,13.98
Skwovet,Scarlet & Violet,Scarlet & Violet,2023/03/31,Illustration Rare,Pokémon,Basic,Colorless,60,Teeziro,9.17
Arcanine ex,Scarlet & Violet,Scarlet & Violet,2023/03/31,Ultra Rare,Pokémon,"Stage 1, Tera, ex",Fire,280,5ban Graphics,15.23
Magnezone ex,Scarlet & Violet,Scarlet & Violet,2023/03/31,Ultra Rare,Pokémon,"Stage 2, ex",Lightning,330,PLANETA Tsuji,1.81
Gyarados ex,Scarlet & Violet,Scarlet & Violet,2023/03/31,Ultra Rare,Pokémon,"Stage 1, Tera, ex",Water,300,5ban Graphics,10.54
Spidops ex,Scarlet & Violet,Scarlet & Violet,2023/03/31,Ultra Rare,Pokémon,"Stage 1, ex",Grass,260,takuyoa,1.15
Gardevoir ex,Scarlet & Violet,Scarlet & Violet,2023/03/31,Ultra Rare,Pokémon,"Stage 2, ex",Psychic,310,N-DESIGN Inc.,5.16
Miraidon ex,Scarlet & Violet,Scarlet & Violet,2023/03/31,Ultra Rare,Pokémon,"Basic, ex",Lightning,220,5ban Graphics,3.23
Banette ex,Scarlet & Violet,Scarlet & Violet,2023/03/31,Ultra Rare,Pokémon,"Stage 1, ex",Psychic,250,PLANETA Mochizuki,1.95
Koraidon ex,Scarlet & Violet,Scarlet & Violet,2023/03/31,Ultra Rare,Pokémon,"Basic, ex",Fighting,230,aky CG Works,2.09
Great Tusk ex,Scarlet & Violet,Scarlet & Violet,2023/03/31,Ultra Rare,Pokémon,"Basic, ex",Fighting,250,5ban Graphics,1.06
Iron Treads ex,Scarlet & Violet,Scarlet & Violet,2023/03/31,Ultra Rare,Pokémon,"Basic, ex",Metal,220,5ban Graphics,1.14
Toxicroak ex,Scarlet & Violet,Scarlet & Violet,2023/03/31,Ultra Rare,Pokémon,"Stage 1, ex",Darkness,250,PLANETA Hiiragi,1.8
Tadbulb,Paldea Evolved,Scarlet & Violet,2023/06/09,Common,Pokémon,Basic,Lightning,60,Tika Matsuno,0.14
Jigglypuff,Paldea Evolved,Scarlet & Violet,2023/06/09,Common,Pokémon,Basic,Psychic,70,Yuu Nishida,0.27
Wigglytuff,Paldea Evolved,Scarlet & Violet,2023/06/09,Rare,Pokémon,Stage 1,Psychic,110,Hitoshi Ariga,0.28
Misdreavus,Paldea Evolved,Scarlet & Violet,2023/06/09,Common,Pokémon,Basic,Psychic,70,Megumi Higuchi,0.14
Gothorita,Paldea Evolved,Scarlet & Violet,2023/06/09,Uncommon,Pokémon,Stage 1,Psychic,90,Aya Kusube,0.2
Dedenne ex,Paldea Evolved,Scarlet & Violet,2023/06/09,Double Rare,Pokémon,"Basic, Tera, ex",Psychic,170,aky CG Works,1.14
Mimikyu,Paldea Evolved,Scarlet & Violet,2023/06/09,Rare,Pokémon,Basic,Psychic,70,Kagemaru Himeno,0.36
Primeape,Paldea Evolved,Scarlet & Violet,2023/06/09,Uncommon,Pokémon,Stage 1,Fighting,110,Shin Nagasawa,0.07
Sudowoodo,Paldea Evolved,Scarlet & Violet,2023/06/09,Uncommon,Pokémon,Basic,Fighting,110,Jerky,0.1
Larvitar,Paldea Evolved,Scarlet & Violet,2023/06/09,Common,Pokémon,Basic,Fighting,70,Haru Akasaka,0.14
Makuhita,Paldea Evolved,Scarlet & Violet,2023/06/09,Common,Pokémon,Basic,Fighting,90,Kurata So,0.22
Voltorb,Paldea Evolved,Scarlet & Violet,2023/06/09,Common,Pokémon,Basic,Lightning,70,sui,0.15
Electrode,Paldea Evolved,Scarlet & Violet,2023/06/09,Uncommon,Pokémon,Stage 1,Lightning,90,Scav,0.05
Bellibolt ex,Paldea Evolved,Scarlet & Violet,2023/06/09,Double Rare,Pokémon,"Stage 1, ex",Lightning,280,PLANETA Yamashita,0.81
Kilowattrel,Paldea Evolved,Scarlet & Violet,2023/06/09,Uncommon,Pokémon,Stage 1,Lightning,120,Pani Kobayashi,0.09
Slowking ex,Paldea Evolved,Scarlet & Violet,2023/06/09,Double Rare,Pokémon,"Stage 1, Tera, ex",Psychic,270,5ban Graphics,1.26
Gothita,Paldea Evolved,Scarlet & Violet,2023/06/09,Common,Pokémon,Basic,Psychic,70,0313,0.1
Oranguru,Paldea Evolved,Scarlet & Violet,2023/06/09,Uncommon,Pokémon,Basic,Psychic,120,Toshinao Aoki,0.05
Sandygast,Paldea Evolved,Scarlet & Violet,2023/06/09,Common,Pokémon,Basic,Psychic,90,Shin Nagasawa,0.05
Tinkatink,Paldea Evolved,Scarlet & Violet,2023/06/09,Common,Pokémon,Basic,Psychic,60,Shibuzoh.,0.22
Tinkatink,Paldea Evolved,Scarlet & Violet,2023/06/09,Common,Pokémon,Basic,Psychic,70,Pani Kobayashi,0.26
Tinkaton,Paldea Evolved,Scarlet & Violet,2023/06/09,Rare,Pokémon,Stage 2,Psychic,140,Kouki Saitou,0.2
Paldean Tauros,Paldea Evolved,Scarlet & Violet,2023/06/09,Uncommon,Pokémon,Basic,Fighting,130,Shin Nagasawa,0.21
Pupitar,Paldea Evolved,Scarlet & Violet,2023/06/09,Uncommon,Pokémon,Stage 1,Fighting,90,Shigenori Negishi,0.17
Shinx,Paldea Evolved,Scarlet & Violet,2023/06/09,Common,Pokémon,Basic,Lightning,40,kurumitsu,0.2
Luxio,Paldea Evolved,Scarlet & Violet,2023/06/09,Uncommon,Pokémon,Stage 1,Lightning,90,Narumi Sato,0.09
Luxray,Paldea Evolved,Scarlet & Violet,2023/06/09,Rare,Pokémon,Stage 2,Lightning,150,aoki,0.25
Pincurchin,Paldea Evolved,Scarlet & Violet,2023/06/09,Common,Pokémon,Basic,Lightning,80,Yuka Morii,0.28
Wattrel,Paldea Evolved,Scarlet & Violet,2023/06/09,Common,Pokémon,Basic,Lightning,60,Shibuzoh.,0.18
Slowpoke,Paldea Evolved,Scarlet & Violet,2023/06/09,Common,Pokémon,Basic,Psychic,80,sowsow,0.41
Mismagius,Paldea Evolved,Scarlet & Violet,2023/06/09,Uncommon,Pokémon,Stage 1,Psychic,90,Atsushi Furusawa,0.05
Palossand,Paldea Evolved,Scarlet & Violet,2023/06/09,Uncommon,Pokémon,Stage 1,Psychic,150,HYOGONOSUKE,0.23
Ceruledge,Paldea Evolved,Scarlet & Violet,2023/06/09,Rare,Pokémon,Stage 1,Psychic,140,Ryota Murayama,0.32
Rabsca,Paldea Evolved,Scarlet & Violet,2023/06/09,Rare,Pokémon,Stage 1,Psychic,70,Oswaldo KATO,0.19
Tinkatink,Paldea Evolved,Scarlet & Violet,2023/06/09,Common,Pokémon,Basic,Psychic,60,Mizue,0.23
Lycanroc ex,Paldea Evolved,Scarlet & Violet,2023/06/09,Double Rare,Pokémon,"Stage 1, ex",Fighting,260,kawayoo,1.01
Rockruff,Paldea Evolved,Scarlet & Violet,2023/06/09,Common,Pokémon,Basic,Fighting,70,0313,0.12
Hariyama,Paldea Evolved,Scarlet & Violet,2023/06/09,Rare,Pokémon,Stage 1,Fighting,140,Hasuno,0.29
Croagunk,Paldea Evolved,Scarlet & Violet,2023/06/09,Common,Pokémon,Basic,Fighting,70,kawayoo,0.12
Toxicroak,Paldea Evolved,Scarlet & Violet,2023/06/09,Uncommon,Pokémon,Stage 1,Fighting,130,Yuya Oka,0.17
Passimian,Paldea Evolved,Scarlet & Violet,2023/06/09,Uncommon,Pokémon,Basic,Fighting,110,Jerky,0.21
Falinks,Paldea Evolved,Scarlet & Violet,2023/06/09,Common,Pokémon,Basic,Fighting,110,kurumitsu,0.2
Nacli,Paldea Evolved,Scarlet & Violet,2023/06/09,Common,Pokémon,Basic,Fighting,60,yuu,0.06
Nacli,Paldea Evolved,Scarlet & Violet,2023/06/09,Common,Pokémon,Basic,Fighting,70,Shin Nagasawa,0.08
Garganacl,Paldea Evolved,Scarlet & Violet,2023/06/09,Rare,Pokémon,Stage 2,Fighting,180,Anesaki Dynamic,0.14
Paldean Wooper,Paldea Evolved,Scarlet & Violet,2023/06/09,Common,Pokémon,Basic,Darkness,60,Saya Tsuruta,0.18
Murkrow,Paldea Evolved,Scarlet & Violet,2023/06/09,Common,Pokémon,Basic,Darkness,60,Teeziro,0.11
Honchkrow,Paldea Evolved,Scarlet & Violet,2023/06/09,Uncommon,Pokémon,Stage 1,Darkness,130,Nisota Niso,0.07
Weavile,Paldea Evolved,Scarlet & Violet,2023/06/09,Rare,Pokémon,Stage 1,Darkness,110,saino misaki,0.22
Sableye,Paldea Evolved,Scarlet & Violet,2023/06/09,Rare,Pokémon,Basic,Darkness,70,Nagomi Nijo,0.09
Zweilous,Paldea Evolved,Scarlet & Violet,2023/06/09,Uncommon,Pokémon,Stage 1,Darkness,100,nagimiso,0.1
Hydreigon,Paldea Evolved,Scarlet & Violet,2023/06/09,Rare,Pokémon,Stage 2,Darkness,180,Teeziro,0.22
Shroodle,Paldea Evolved,Scarlet & Violet,2023/06/09,Common,Pokémon,Basic,Darkness,60,Anesaki Dynamic,0.19
Copperajah ex,Paldea Evolved,Scarlet & Violet,2023/06/09,Double Rare,Pokémon,"Stage 1, ex",Metal,300,Uta,0.71
Glimmet,Paldea Evolved,Scarlet & Violet,2023/06/09,Common,Pokémon,Basic,Fighting,40,Mizue,0.07
Glimmora,Paldea Evolved,Scarlet & Violet,2023/06/09,Rare,Pokémon,Stage 1,Fighting,130,Shin Nagasawa,0.18
Seviper,Paldea Evolved,Scarlet & Violet,2023/06/09,Uncommon,Pokémon,Basic,Darkness,110,Nisota Niso,0.18
Maschiff,Paldea Evolved,Scarlet & Violet,2023/06/09,Common,Pokémon,Basic,Darkness,60,DOM,0.21
Grafaiai,Paldea Evolved,Scarlet & Violet,2023/06/09,Uncommon,Pokémon,Stage 1,Darkness,90,Souichirou Gunjima,0.09
Bombirdier,Paldea Evolved,Scarlet & Violet,2023/06/09,Uncommon,Pokémon,Basic,Darkness,120,Sekio,0.17
Corviknight,Paldea Evolved,Scarlet & Violet,2023/06/09,Uncommon,Pokémon,Stage 2,Metal,170,Scav,0.18
Cufant,Paldea Evolved,Scarlet & Violet,2023/06/09,Common,Pokémon,Basic,Metal,100,Oswaldo KATO,0.05
Girafarig,Paldea Evolved,Scarlet & Violet,2023/06/09,Common,Pokémon,Basic,Colorless,100,kirisAki,0.21
Naclstack,Paldea Evolved,Scarlet & Violet,2023/06/09,Uncommon,Pokémon,Stage 1,Fighting,100,GIDORA,0.1
Ting-Lu ex,Paldea Evolved,Scarlet & Violet,2023/06/09,Double Rare,Pokémon,"Basic, ex",Fighting,240,5ban Graphics,0.65
Paldean Wooper,Paldea Evolved,Scarlet & Violet,2023/06/09,Common,Pokémon,Basic,Darkness,60,Kouki Saitou,0.13
Sneasel,Paldea Evolved,Scarlet & Violet,2023/06/09,Common,Pokémon,Basic,Darkness,70,Kagemaru Himeno,0.1
Noibat,Paldea Evolved,Scarlet & Violet,2023/06/09,Common,Pokémon,Basic,Dragon,70,chibi,0.09
Glimmet,Paldea Evolved,Scarlet & Violet,2023/06/09,Common,Pokémon,Basic,Fighting,70,Sekio,0.04
Paldean Clodsire ex,Paldea Evolved,Scarlet & Violet,2023/06/09,Double Rare,Pokémon,"Stage 1, ex",Darkness,280,PLANETA Mochizuki,0.76
Tyranitar,Paldea Evolved,Scarlet & Violet,2023/06/09,Rare,Pokémon,Stage 2,Darkness,180,hncl,0.27
Deino,Paldea Evolved,Scarlet & Violet,2023/06/09,Common,Pokémon,Basic,Darkness,70,Narumi Sato,0.05
Maschiff,Paldea Evolved,Scarlet & Violet,2023/06/09,Common,Pokémon,Basic,Darkness,70,Shibuzoh.,0.06
Mabosstiff,Paldea Evolved,Scarlet & Violet,2023/06/09,Uncommon,Pokémon,Stage 1,Darkness,140,Souichirou Gunjima,0.07
Shroodle,Paldea Evolved,Scarlet & Violet,2023/06/09,Common,Pokémon,Basic,Darkness,50,Akira Komayama,0.12
Orthworm,Paldea Evolved,Scarlet & Violet,2023/06/09,Rare,Pokémon,Basic,Metal,130,Hitoshi Ariga,0.21
Noivern ex,Paldea Evolved,Scarlet & Violet,2023/06/09,Double Rare,Pokémon,"Stage 1, ex",Dragon,260,Nisota Niso,0.66
Dudunsparce,Paldea Evolved,Scarlet & Violet,2023/06/09,Uncommon,Pokémon,Stage 1,Colorless,140,Mina Nakai,0.16
Wingull,Paldea Evolved,Scarlet & Violet,2023/06/09,Common,Pokémon,Basic,Colorless,70,Kouki Saitou,0.11
Slakoth,Paldea Evolved,Scarlet & Violet,2023/06/09,Common,Pokémon,Basic,Colorless,70,Shigenori Negishi,0.19
Vigoroth,Paldea Evolved,Scarlet & Violet,2023/06/09,Uncommon,Pokémon,Stage 1,Colorless,90,GIDORA,0.06
Slaking,Paldea Evolved,Scarlet & Violet,2023/06/09,Rare,Pokémon,Stage 2,Colorless,180,Yuya Oka,0.27
Fletchling,Paldea Evolved,Scarlet & Violet,2023/06/09,Common,Pokémon,Basic,Colorless,60,sui,0.18
Dunsparce,Paldea Evolved,Scarlet & Violet,2023/06/09,Common,Pokémon,Basic,Colorless,70,Nagomi Nijo,0.29
Pelipper,Paldea Evolved,Scarlet & Violet,2023/06/09,Uncommon,Pokémon,Stage 1,Colorless,120,Shinya Komatsu,0.22
Corvisquire,Paldea Evolved,Scarlet & Violet,2023/06/09,Uncommon,Pokémon,Stage 1,Colorless,90,sui,0.09
Farigiraf,Paldea Evolved,Scarlet & Violet,2023/06/09,Uncommon,Pokémon,Stage 1,Colorless,140,Kouki Saitou,0.12
Rookidee,Paldea Evolved,Scarlet & Violet,2023/06/09,Common,Pokémon,Basic,Colorless,60,Naoki Saito,0.12
Tandemaus,Paldea Evolved,Scarlet & Violet,2023/06/09,Common,Pokémon,Basic,Colorless,30,Oswaldo KATO,0.3
Tandemaus,Paldea Evolved,Scarlet & Violet,2023/06/09,Common,Pokémon,Basic,Colorless,40,Sekio,0.33
Maushold,Paldea Evolved,Scarlet & Violet,2023/06/09,Uncommon,Pokémon,Stage 1,Colorless,60,Saya Tsuruta,0.27
Flamigo,Paldea Evolved,Scarlet & Violet,2023/06/09,Uncommon,Pokémon,Basic,Colorless,110,nagimiso,0.08
Squawkabilly ex,Paldea Evolved,Scarlet & Violet,2023/06/09,Double Rare,Pokémon,"Basic, ex",Colorless,160,PLANETA Mochizuki,0.65
Tropius,Paldea Evolved,Scarlet & Violet,2023/06/09,Illustration Rare,Pokémon,Basic,Grass,110,Jerky,17.22
Bramblin,Paldea Evolved,Scarlet & Violet,2023/06/09,Illustration Rare,Pokémon,Basic,Grass,50,sowsow,11.04
Heracross,Paldea Evolved,Scarlet & Violet,2023/06/09,Illustration Rare,Pokémon,Basic,Grass,130,Kurata So,33.47
Fletchinder,Paldea Evolved,Scarlet & Violet,2023/06/09,Illustration Rare,Pokémon,Stage 1,Fire,80,Atsushi Furusawa,20.66
Pyroar,Paldea Evolved,Scarlet & Violet,2023/06/09,Illustration Rare,Pokémon,Stage 1,Fire,120,Po-Suzuki,20.54
Fuecoco,Paldea Evolved,Scarlet & Violet,2023/06/09,Illustration Rare,Pokémon,Basic,Fire,90,kantaro,58.94
Crocalor,Paldea Evolved,Scarlet & Violet,2023/06/09,Illustration Rare,Pokémon,Stage 1,Fire,110,kantaro,19.48
Magikarp,Paldea Evolved,Scarlet & Violet,2023/06/09,Illustration Rare,Pokémon,Basic,Water,30,Shinji Kanda,426.43
Sprigatito,Paldea Evolved,Scarlet & Violet,2023/06/09,Illustration Rare,Pokémon,Basic,Grass,60,Kouki Saitou,65.63
Floragato,Paldea Evolved,Scarlet & Violet,2023/06/09,Illustration Rare,Pokémon,Stage 1,Grass,90,Kouki Saitou,23.29
Frigibax,Paldea Evolved,Scarlet & Violet,2023/06/09,Illustration Rare,Pokémon,Basic,Water,60,Tomokazu Komiya,26.03
Raichu,Paldea Evolved,Scarlet & Violet,2023/06/09,Illustration Rare,Pokémon,Stage 1,Lightning,140,Toshinao Aoki,115.79
Arctibax,Paldea Evolved,Scarlet & Violet,2023/06/09,Illustration Rare,Pokémon,Stage 1,Water,90,Tomokazu Komiya,19.32
Tinkatink,Paldea Evolved,Scarlet & Violet,2023/06/09,Illustration Rare,Pokémon,Basic,Psychic,60,Tika Matsuno,32.78
Tinkatuff,Paldea Evolved,Scarlet & Violet,2023/06/09,Illustration Rare,Pokémon,Stage 1,Psychic,90,Tika Matsuno,36.76
Nacli,Paldea Evolved,Scarlet & Violet,2023/06/09,Illustration Rare,Pokémon,Basic,Fighting,70,Ryota Murayama,7.01
Tyranitar,Paldea Evolved,Scarlet & Violet,2023/06/09,Illustration Rare,Pokémon,Stage 2,Darkness,180,Nurikabe,76.91
Orthworm,Paldea Evolved,Scarlet & Violet,2023/06/09,Illustration Rare,Pokémon,Basic,Metal,130,OKACHEKE,6.76
Rookidee,Paldea Evolved,Scarlet & Violet,2023/06/09,Illustration Rare,Pokémon,Basic,Colorless,60,GOSSAN,11.89
Eiscue,Paldea Evolved,Scarlet & Violet,2023/06/09,Illustration Rare,Pokémon,Basic,Water,110,Nelnal,22.93
Quaxwell,Paldea Evolved,Scarlet & Violet,2023/06/09,Illustration Rare,Pokémon,Stage 1,Water,90,Souichirou Gunjima,10.75
Mismagius,Paldea Evolved,Scarlet & Violet,2023/06/09,Illustration Rare,Pokémon,Stage 1,Psychic,90,aoki,40.89
Sandygast,Paldea Evolved,Scarlet & Violet,2023/06/09,Illustration Rare,Pokémon,Basic,Psychic,90,Teeziro,10.97
Sudowoodo,Paldea Evolved,Scarlet & Violet,2023/06/09,Illustration Rare,Pokémon,Basic,Fighting,110,Narumi Sato,29.66
Grafaiai,Paldea Evolved,Scarlet & Violet,2023/06/09,Illustration Rare,Pokémon,Stage 1,Darkness,90,Oswaldo KATO,8.72
Maushold,Paldea Evolved,Scarlet & Violet,2023/06/09,Illustration Rare,Pokémon,Stage 1,Colorless,60,Mizue,99.94
Marill,Paldea Evolved,Scarlet & Violet,2023/06/09,Illustration Rare,Pokémon,Basic,Water,70,Atsuya Uki,60.88
Quaxly,Paldea Evolved,Scarlet & Violet,2023/06/09,Illustration Rare,Pokémon,Basic,Water,60,Souichirou Gunjima,20.36
Baxcalibur,Paldea Evolved,Scarlet & Violet,2023/06/09,Illustration Rare,Pokémon,Stage 2,Water,160,Tomokazu Komiya,37.39
Gothorita,Paldea Evolved,Scarlet & Violet,2023/06/09,Illustration Rare,Pokémon,Stage 1,Psychic,90,SIE NANAHARA,13.41
Rabsca,Paldea Evolved,Scarlet & Violet,2023/06/09,Illustration Rare,Pokémon,Stage 1,Psychic,70,nagimiso,6.45
Paldean Tauros,Paldea Evolved,Scarlet & Violet,2023/06/09,Illustration Rare,Pokémon,Basic,Fighting,130,Anesaki Dynamic,18.13
Paldean Wooper,Paldea Evolved,Scarlet & Violet,2023/06/09,Illustration Rare,Pokémon,Basic,Darkness,60,Miki Tanaka,15.38
Forretress ex,Paldea Evolved,Scarlet & Violet,2023/06/09,Ultra Rare,Pokémon,"Stage 1, Tera, ex",Grass,270,5ban Graphics,1.29
Dedenne ex,Paldea Evolved,Scarlet & Violet,2023/06/09,Ultra Rare,Pokémon,"Basic, Tera, ex",Psychic,170,aky CG Works,16.21
Copperajah ex,Paldea Evolved,Scarlet & Violet,2023/06/09,Ultra Rare,Pokémon,"Stage 1, ex",Metal,300,Eske Yoshinob,1.05
Squawkabilly ex,Paldea Evolved,Scarlet & Violet,2023/06/09,Ultra Rare,Pokémon,"Basic, ex",Colorless,160,PLANETA Mochizuki,1.58
Wo-Chien ex,Paldea Evolved,Scarlet & Violet,2023/06/09,Special Illustration Rare,Pokémon,"Basic, ex",Grass,230,takuyoa,18.1
Wo-Chien ex,Paldea Evolved,Scarlet & Violet,2023/06/09,Ultra Rare,Pokémon,"Basic, ex",Grass,230,5ban Graphics,1.51
Quaquaval ex,Paldea Evolved,Scarlet & Violet,2023/06/09,Ultra Rare,Pokémon,"Stage 2, ex",Water,320,5ban Graphics,1.75
Bellibolt ex,Paldea Evolved,Scarlet & Violet,2023/06/09,Ultra Rare,Pokémon,"Stage 1, ex",Lightning,280,PLANETA Yamashita,4.21
Slowking ex,Paldea Evolved,Scarlet & Violet,2023/06/09,Ultra Rare,Pokémon,"Stage 1, Tera, ex",Psychic,270,5ban Graphics,7.63
Ting-Lu ex,Paldea Evolved,Scarlet & Violet,2023/06/09,Ultra Rare,Pokémon,"Basic, ex",Fighting,240,5ban Graphics,1.4
Noivern ex,Paldea Evolved,Scarlet & Violet,2023/06/09,Ultra Rare,Pokémon,"Stage 1, ex",Dragon,260,Eske Yoshinob,2.39
Meowscarada ex,Paldea Evolved,Scarlet & Violet,2023/06/09,Special Illustration Rare,Pokémon,"Stage 2, ex",Grass,310,Kouki Saitou,38.9
Quaquaval ex,Paldea Evolved,Scarlet & Violet,2023/06/09,Special Illustration Rare,Pokémon,"Stage 2, ex",Water,320,Souichirou Gunjima,15.9
Chien-Pao ex,Paldea Evolved,Scarlet & Violet,2023/06/09,Special Illustration Rare,Pokémon,"Basic, ex",Water,220,kodama,31.03
Ting-Lu ex,Paldea Evolved,Scarlet & Violet,2023/06/09,Special Illustration Rare,Pokémon,"Basic, ex",Fighting,240,KEIICHIRO ITO,11.9
Farigiraf,Paldea Evolved,Scarlet & Violet,2023/06/09,Illustration Rare,Pokémon,Stage 1,Colorless,140,Mina Nakai,15.43
Chi-Yu ex,Paldea Evolved,Scarlet & Violet,2023/06/09,Ultra Rare,Pokémon,"Basic, ex",Fire,190,PLANETA Yamashita,3.73
Annihilape ex,Paldea Evolved,Scarlet & Violet,2023/06/09,Ultra Rare,Pokémon,"Stage 2, ex",Fighting,320,PLANETA Hiiragi,4.96
Paldean Clodsire ex,Paldea Evolved,Scarlet & Violet,2023/06/09,Ultra Rare,Pokémon,"Stage 1, ex",Darkness,280,PLANETA Mochizuki,2.94
Squawkabilly ex,Paldea Evolved,Scarlet & Violet,2023/06/09,Special Illustration Rare,Pokémon,"Basic, ex",Colorless,160,Amelicart,11.85
Flamigo,Paldea Evolved,Scarlet & Violet,2023/06/09,Illustration Rare,Pokémon,Basic,Colorless,110,Shibuzoh.,10.89
Dudunsparce,Paldea Evolved,Scarlet & Violet,2023/06/09,Illustration Rare,Pokémon,Stage 1,Colorless,140,Saya Tsuruta,11.58
Meowscarada ex,Paldea Evolved,Scarlet & Violet,2023/06/09,Ultra Rare,Pokémon,"Stage 2, ex",Grass,310,5ban Graphics,3.75
Skeledirge ex,Paldea Evolved,Scarlet & Violet,2023/06/09,Ultra Rare,Pokémon,"Stage 2, ex",Fire,340,5ban Graphics,2.81
Chien-Pao ex,Paldea Evolved,Scarlet & Violet,2023/06/09,Ultra Rare,Pokémon,"Basic, ex",Water,220,aky CG Works,2.43
Tinkaton ex,Paldea Evolved,Scarlet & Violet,2023/06/09,Ultra Rare,Pokémon,"Stage 2, ex",Psychic,300,takuyoa,10.94
Lycanroc ex,Paldea Evolved,Scarlet & Violet,2023/06/09,Ultra Rare,Pokémon,"Stage 1, ex",Fighting,260,Ayaka Yoshida,2.14
Skeledirge ex,Paldea Evolved,Scarlet & Violet,2023/06/09,Special Illustration Rare,Pokémon,"Stage 2, ex",Fire,340,kantaro,39.36
Chi-Yu ex,Paldea Evolved,Scarlet & Violet,2023/06/09,Special Illustration Rare,Pokémon,"Basic, ex",Fire,190,AKIRA EGAWA,56.42
Tinkaton ex,Paldea Evolved,Scarlet & Violet,2023/06/09,Special Illustration Rare,Pokémon,"Stage 2, ex",Psychic,300,Tika Matsuno,54.5
Quaquaval ex,Paldea Evolved,Scarlet & Violet,2023/06/09,Hyper Rare,Pokémon,"Stage 2, ex",Water,320,5ban Graphics,6.17
Skeledirge ex,Paldea Evolved,Scarlet & Violet,2023/06/09,Hyper Rare,Pokémon,"Stage 2, ex",Fire,340,5ban Graphics,6.38
Meowscarada ex,Paldea Evolved,Scarlet & Violet,2023/06/09,Hyper Rare,Pokémon,"Stage 2, ex",Grass,310,5ban Graphics,9.79
Ting-Lu ex,Paldea Evolved,Scarlet & Violet,2023/06/09,Hyper Rare,Pokémon,"Basic, ex",Fighting,240,5ban Graphics,3.79
Chien-Pao ex,Paldea Evolved,Scarlet & Violet,2023/06/09,Hyper Rare,Pokémon,"Basic, ex",Water,220,aky CG Works,5.98
Flaaffy,Scarlet & Violet Black Star Promos,Scarlet & Violet,2023/01/01,Promo,Pokémon,Stage 1,Lightning,90,0313,2.34
Lucario ex,Scarlet & Violet Black Star Promos,Scarlet & Violet,2023/01/01,Promo,Pokémon,"Stage 1, ex",Fighting,260,5ban Graphics,5.98
Ampharos ex,Scarlet & Violet Black Star Promos,Scarlet & Violet,2023/01/01,Promo,Pokémon,"Stage 2, ex",Lightning,330,PLANETA Tsuji,4.83
Cyclizar ex,Scarlet & Violet Black Star Promos,Scarlet & Violet,2023/01/01,Promo,Pokémon,"Basic, ex",Colorless,210,5ban Graphics,0.57
Pelipper,Scarlet & Violet Black Star Promos,Scarlet & Violet,2023/01/01,Promo,Pokémon,Stage 1,Colorless,120,Nisota Niso,2.0
Baxcalibur,Scarlet & Violet Black Star Promos,Scarlet & Violet,2023/01/01,Promo,Pokémon,Stage 2,Water,160,Oswaldo KATO,3.25
Tinkaton,Scarlet & Violet Black Star Promos,Scarlet & Violet,2023/01/01,Promo,Pokémon,Stage 2,Psychic,140,Anesaki Dynamic,5.26
Murkrow,Scarlet & Violet Black Star Promos,Scarlet & Violet,2023/01/01,Promo,Pokémon,Basic,Darkness,60,Shiburingaru,2.67
Smoliv,Scarlet & Violet Black Star Promos,Scarlet & Violet,2023/01/01,Promo,Pokémon,Basic,Grass,60,Misa Tsutsui,0.37
Tinkatink,Scarlet & Violet Black Star Promos,Scarlet & Violet,2023/01/01,Promo,Pokémon,Basic,Psychic,70,Kouki Saitou,0.38
Pikachu,Scarlet & Violet Black Star Promos,Scarlet & Violet,2023/01/01,Promo,Pokémon,Basic,Lightning,60,Atsushi Furusawa,21.89
Koraidon ex,Scarlet & Violet Black Star Promos,Scarlet & Violet,2023/01/01,Promo,Pokémon,"Basic, ex",Fighting,230,aky CG Works,0.6
Growlithe,Scarlet & Violet Black Star Promos,Scarlet & Violet,2023/01/01,Promo,Pokémon,Basic,Fire,90,Uta,0.79
Varoom,Scarlet & Violet Black Star Promos,Scarlet & Violet,2023/01/01,Promo,Pokémon,Basic,Metal,60,Mina Nakai,0.42
Miraidon ex,Scarlet & Violet Black Star Promos,Scarlet & Violet,2023/01/01,Promo,Pokémon,"Basic, ex",Lightning,220,5ban Graphics,0.77
Surskit,Obsidian Flames,Scarlet & Violet,2023/08/11,Common,Pokémon,Basic,Grass,60,Saya Tsuruta,0.17
Gloom,Obsidian Flames,Scarlet & Violet,2023/08/11,Common,Pokémon,Stage 1,Grass,80,Haru Akasaka,0.27
Oddish,Obsidian Flames,Scarlet & Violet,2023/08/11,Common,Pokémon,Basic,Grass,50,Midori Harada,0.2
Phantump,Obsidian Flames,Scarlet & Violet,2023/08/11,Common,Pokémon,Basic,Grass,60,Narumi Sato,0.2
Steenee,Obsidian Flames,Scarlet & Violet,2023/08/11,Common,Pokémon,Stage 1,Grass,90,nagimiso,0.2
Charmeleon,Obsidian Flames,Scarlet & Violet,2023/08/11,Uncommon,Pokémon,Stage 1,Fire,90,Ryota Murayama,0.38
Camerupt,Obsidian Flames,Scarlet & Violet,2023/08/11,Uncommon,Pokémon,Stage 1,Fire,140,Shiburingaru,0.24
Victini ex,Obsidian Flames,Scarlet & Violet,2023/08/11,Double Rare,Pokémon,"Basic, ex",Fire,190,Saki Hayashiro,1.02
Darmanitan,Obsidian Flames,Scarlet & Violet,2023/08/11,Uncommon,Pokémon,Stage 1,Fire,140,Yuya Oka,0.23
Scyther,Obsidian Flames,Scarlet & Violet,2023/08/11,Common,Pokémon,Basic,Grass,80,Shin Nagasawa,0.2
Foongus,Obsidian Flames,Scarlet & Violet,2023/08/11,Common,Pokémon,Basic,Grass,50,You Iribi,0.22
Capsakid,Obsidian Flames,Scarlet & Violet,2023/08/11,Common,Pokémon,Basic,Grass,70,Pani Kobayashi,0.27
Scovillain,Obsidian Flames,Scarlet & Violet,2023/08/11,Rare,Pokémon,Stage 1,Grass,110,kodama,0.17
Numel,Obsidian Flames,Scarlet & Violet,2023/08/11,Common,Pokémon,Basic,Fire,90,Mizue,0.22
Darumaka,Obsidian Flames,Scarlet & Violet,2023/08/11,Common,Pokémon,Basic,Fire,80,Miki Tanaka,0.18
Combee,Obsidian Flames,Scarlet & Violet,2023/08/11,Common,Pokémon,Basic,Grass,50,HYOGONOSUKE,0.22
Bellossom,Obsidian Flames,Scarlet & Violet,2023/08/11,Uncommon,Pokémon,Stage 2,Grass,130,sui,0.34
Shuckle,Obsidian Flames,Scarlet & Violet,2023/08/11,Common,Pokémon,Basic,Grass,80,Kurata So,0.29
Masquerain,Obsidian Flames,Scarlet & Violet,2023/08/11,Uncommon,Pokémon,Stage 1,Grass,100,Haru Akasaka,0.23
Amoonguss,Obsidian Flames,Scarlet & Violet,2023/08/11,Uncommon,Pokémon,Stage 1,Grass,110,Nobuhiro Imagawa,0.19
Trevenant,Obsidian Flames,Scarlet & Violet,2023/08/11,Uncommon,Pokémon,Stage 1,Grass,140,Anesaki Dynamic,0.17
Decidueye ex,Obsidian Flames,Scarlet & Violet,2023/08/11,Double Rare,Pokémon,"Stage 2, ex",Grass,320,PLANETA Mochizuki,0.9
Bounsweet,Obsidian Flames,Scarlet & Violet,2023/08/11,Common,Pokémon,Basic,Grass,60,Kurata So,0.23
Tsareena,Obsidian Flames,Scarlet & Violet,2023/08/11,Uncommon,Pokémon,Stage 2,Grass,160,Atsushi Furusawa,0.26
Smoliv,Obsidian Flames,Scarlet & Violet,2023/08/11,Common,Pokémon,Basic,Grass,50,Masako Tomii,0.11
Dolliv,Obsidian Flames,Scarlet & Violet,2023/08/11,Common,Pokémon,Stage 1,Grass,80,Mizue,0.23
Toedscruel ex,Obsidian Flames,Scarlet & Violet,2023/08/11,Double Rare,Pokémon,"Stage 1, ex",Grass,270,5ban Graphics,0.69
Vulpix,Obsidian Flames,Scarlet & Violet,2023/08/11,Common,Pokémon,Basic,Fire,60,0313,0.27
Rowlet,Obsidian Flames,Scarlet & Violet,2023/08/11,Common,Pokémon,Basic,Grass,70,Tomokazu Komiya,0.28
Dartrix,Obsidian Flames,Scarlet & Violet,2023/08/11,Uncommon,Pokémon,Stage 1,Grass,90,sui,0.16
Arboliva,Obsidian Flames,Scarlet & Violet,2023/08/11,Uncommon,Pokémon,Stage 2,Grass,140,KEIICHIRO ITO,0.17
Capsakid,Obsidian Flames,Scarlet & Violet,2023/08/11,Common,Pokémon,Basic,Grass,50,Shin Nagasawa,0.1
Charmander,Obsidian Flames,Scarlet & Violet,2023/08/11,Common,Pokémon,Basic,Fire,60,DOM,0.37
Ninetales,Obsidian Flames,Scarlet & Violet,2023/08/11,Uncommon,Pokémon,Stage 1,Fire,120,Yoshioka,0.49
Entei,Obsidian Flames,Scarlet & Violet,2023/08/11,Rare,Pokémon,Basic,Fire,130,toriyufu,0.28
Litwick,Obsidian Flames,Scarlet & Violet,2023/08/11,Common,Pokémon,Basic,Fire,60,Nagomi Nijo,0.14
Eiscue ex,Obsidian Flames,Scarlet & Violet,2023/08/11,Double Rare,Pokémon,"Basic, ex, Tera",Fire,210,5ban Graphics,0.84
Lapras,Obsidian Flames,Scarlet & Violet,2023/08/11,Uncommon,Pokémon,Basic,Water,110,matazo,0.16
Buizel,Obsidian Flames,Scarlet & Violet,2023/08/11,Common,Pokémon,Basic,Water,70,Jerky,0.09
Beartic,Obsidian Flames,Scarlet & Violet,2023/08/11,Uncommon,Pokémon,Stage 1,Water,150,Misa Tsutsui,0.22
Wiglett,Obsidian Flames,Scarlet & Violet,2023/08/11,Common,Pokémon,Basic,Water,60,Pani Kobayashi,0.19
Finizen,Obsidian Flames,Scarlet & Violet,2023/08/11,Common,Pokémon,Basic,Water,50,kodama,0.16
Palafin,Obsidian Flames,Scarlet & Violet,2023/08/11,Rare,Pokémon,Stage 1,Water,150,Souichirou Gunjima,0.1
Magneton,Obsidian Flames,Scarlet & Violet,2023/08/11,Common,Pokémon,Stage 1,Lightning,90,kurumitsu,0.21
Magnezone,Obsidian Flames,Scarlet & Violet,2023/08/11,Uncommon,Pokémon,Stage 2,Lightning,170,Anesaki Dynamic,0.13
Thundurus,Obsidian Flames,Scarlet & Violet,2023/08/11,Rare,Pokémon,Basic,Lightning,110,GOSSAN,0.27
Toxel,Obsidian Flames,Scarlet & Violet,2023/08/11,Common,Pokémon,Basic,Lightning,70,AKIRA EGAWA,0.14
Tadbulb,Obsidian Flames,Scarlet & Violet,2023/08/11,Common,Pokémon,Basic,Lightning,50,kirisAki,0.16
Clefable ex,Obsidian Flames,Scarlet & Violet,2023/08/11,Double Rare,Pokémon,"Stage 1, ex",Psychic,260,Satoshi Shirai,0.97
Espeon,Obsidian Flames,Scarlet & Violet,2023/08/11,Uncommon,Pokémon,Stage 1,Psychic,110,Cona Nitanda,0.31
Granbull,Obsidian Flames,Scarlet & Violet,2023/08/11,Uncommon,Pokémon,Stage 1,Psychic,130,Lee HyunJung,0.25
Baltoy,Obsidian Flames,Scarlet & Violet,2023/08/11,Common,Pokémon,Basic,Psychic,70,Scav,0.17
Claydol,Obsidian Flames,Scarlet & Violet,2023/08/11,Rare,Pokémon,Stage 1,Psychic,120,Shigenori Negishi,0.22
Vespiquen ex,Obsidian Flames,Scarlet & Violet,2023/08/11,Double Rare,Pokémon,"Stage 1, ex, Tera",Psychic,270,5ban Graphics,0.83
Sinistea,Obsidian Flames,Scarlet & Violet,2023/08/11,Common,Pokémon,Basic,Psychic,30,Yuka Morii,0.33
Diglett,Obsidian Flames,Scarlet & Violet,2023/08/11,Common,Pokémon,Basic,Fighting,50,OKACHEKE,0.22
Barboach,Obsidian Flames,Scarlet & Violet,2023/08/11,Common,Pokémon,Basic,Fighting,70,Scav,0.08
Whiscash,Obsidian Flames,Scarlet & Violet,2023/08/11,Uncommon,Pokémon,Stage 1,Fighting,140,0313,0.23
Crabrawler,Obsidian Flames,Scarlet & Violet,2023/08/11,Common,Pokémon,Basic,Fighting,90,Nagomi Nijo,0.18
Crabominable,Obsidian Flames,Scarlet & Violet,2023/08/11,Uncommon,Pokémon,Stage 1,Fighting,160,Misa Tsutsui,0.23
Rockruff,Obsidian Flames,Scarlet & Violet,2023/08/11,Common,Pokémon,Basic,Fighting,60,Jerky,0.23
Lycanroc,Obsidian Flames,Scarlet & Violet,2023/08/11,Uncommon,Pokémon,Stage 1,Fighting,130,Mitsuhiro Arita,0.13
Glimmet,Obsidian Flames,Scarlet & Violet,2023/08/11,Common,Pokémon,Basic,Fighting,60,Sanosuke Sakuma,0.19
Paldean Wooper,Obsidian Flames,Scarlet & Violet,2023/08/11,Common,Pokémon,Basic,Darkness,70,Pani Kobayashi,0.15
Paldean Clodsire,Obsidian Flames,Scarlet & Violet,2023/08/11,Uncommon,Pokémon,Stage 1,Darkness,140,Shin Nagasawa,0.38
Heatmor,Obsidian Flames,Scarlet & Violet,2023/08/11,Common,Pokémon,Basic,Fire,110,otumami,0.12
Floatzel,Obsidian Flames,Scarlet & Violet,2023/08/11,Uncommon,Pokémon,Stage 1,Water,110,Kouki Saitou,0.21
Tympole,Obsidian Flames,Scarlet & Violet,2023/08/11,Common,Pokémon,Basic,Water,70,OKUBO,0.22
Cubchoo,Obsidian Flames,Scarlet & Violet,2023/08/11,Common,Pokémon,Basic,Water,70,Mizue,0.19
Cryogonal,Obsidian Flames,Scarlet & Violet,2023/08/11,Common,Pokémon,Basic,Water,90,kirisAki,0.18
Magnemite,Obsidian Flames,Scarlet & Violet,2023/08/11,Common,Pokémon,Basic,Lightning,60,Masakazu Fukuda,0.17
Tyranitar ex,Obsidian Flames,Scarlet & Violet,2023/08/11,Double Rare,Pokémon,"Stage 2, ex, Tera",Lightning,340,5ban Graphics,1.17
Tynamo,Obsidian Flames,Scarlet & Violet,2023/08/11,Common,Pokémon,Basic,Lightning,40,Kagemaru Himeno,0.14
Eelektrik,Obsidian Flames,Scarlet & Violet,2023/08/11,Common,Pokémon,Stage 1,Lightning,90,Souichirou Gunjima,0.13
Eelektross,Obsidian Flames,Scarlet & Violet,2023/08/11,Uncommon,Pokémon,Stage 2,Lightning,160,Masakazu Fukuda,0.16
Tadbulb,Obsidian Flames,Scarlet & Violet,2023/08/11,Common,Pokémon,Basic,Lightning,60,Shin Nagasawa,0.14
Cleffa,Obsidian Flames,Scarlet & Violet,2023/08/11,Common,Pokémon,Basic,Psychic,30,kurumitsu,0.44
Clefairy,Obsidian Flames,Scarlet & Violet,2023/08/11,Common,Pokémon,Basic,Psychic,60,Yuka Morii,0.45
Togepi,Obsidian Flames,Scarlet & Violet,2023/08/11,Common,Pokémon,Basic,Psychic,50,Natsumi Yoshida,0.32
Togekiss,Obsidian Flames,Scarlet & Violet,2023/08/11,Rare,Pokémon,Stage 2,Psychic,150,Cona Nitanda,0.28
Snubbull,Obsidian Flames,Scarlet & Violet,2023/08/11,Common,Pokémon,Basic,Psychic,80,Sekio,0.25
Lunatone,Obsidian Flames,Scarlet & Violet,2023/08/11,Uncommon,Pokémon,Basic,Psychic,90,Tetsu Kayama,0.24
Greavard,Obsidian Flames,Scarlet & Violet,2023/08/11,Common,Pokémon,Basic,Psychic,80,Pani Kobayashi,0.13
Larvitar,Obsidian Flames,Scarlet & Violet,2023/08/11,Common,Pokémon,Basic,Fighting,70,KYUPIYAMA,0.2
Pupitar,Obsidian Flames,Scarlet & Violet,2023/08/11,Uncommon,Pokémon,Stage 1,Fighting,80,Souichirou Gunjima,0.23
Toedscruel,Obsidian Flames,Scarlet & Violet,2023/08/11,Uncommon,Pokémon,Stage 1,Fighting,130,Kouki Saitou,0.06
Koraidon ex,Obsidian Flames,Scarlet & Violet,2023/08/11,Double Rare,Pokémon,"Basic, ex",Fighting,230,aky CG Works,0.65
Lampent,Obsidian Flames,Scarlet & Violet,2023/08/11,Common,Pokémon,Stage 1,Fire,80,Aya Kusube,0.16
Volcarona,Obsidian Flames,Scarlet & Violet,2023/08/11,Uncommon,Pokémon,Stage 1,Fire,140,Yukiko Baba,0.1
Armarouge,Obsidian Flames,Scarlet & Violet,2023/08/11,Uncommon,Pokémon,Stage 1,Fire,120,Souichirou Gunjima,0.17
Sharpedo,Obsidian Flames,Scarlet & Violet,2023/08/11,Uncommon,Pokémon,Stage 1,Water,120,Tonji Matsuno,0.17
Seismitoad,Obsidian Flames,Scarlet & Violet,2023/08/11,Uncommon,Pokémon,Stage 2,Water,170,Misa Tsutsui,0.18
Toxtricity,Obsidian Flames,Scarlet & Violet,2023/08/11,Rare,Pokémon,Stage 1,Lightning,140,Anesaki Dynamic,0.25
Bellibolt,Obsidian Flames,Scarlet & Violet,2023/08/11,Uncommon,Pokémon,Stage 1,Lightning,130,Kouki Saitou,0.32
Mawile,Obsidian Flames,Scarlet & Violet,2023/08/11,Common,Pokémon,Basic,Psychic,100,0313,0.23
Spoink,Obsidian Flames,Scarlet & Violet,2023/08/11,Common,Pokémon,Basic,Psychic,70,GOSSAN,0.11
Greavard,Obsidian Flames,Scarlet & Violet,2023/08/11,Common,Pokémon,Basic,Psychic,70,Shibuzoh.,0.25
Nosepass,Obsidian Flames,Scarlet & Violet,2023/08/11,Common,Pokémon,Basic,Fighting,90,Nobuhiro Imagawa,0.18
Bonsly,Obsidian Flames,Scarlet & Violet,2023/08/11,Common,Pokémon,Basic,Fighting,30,Mizue,0.17
Drilbur,Obsidian Flames,Scarlet & Violet,2023/08/11,Common,Pokémon,Basic,Fighting,70,sowsow,0.24
Stunfisk,Obsidian Flames,Scarlet & Violet,2023/08/11,Uncommon,Pokémon,Basic,Fighting,120,Sumiyoshi Kizuki,0.12
Klawf ex,Obsidian Flames,Scarlet & Violet,2023/08/11,Double Rare,Pokémon,"Basic, ex",Fighting,220,aky CG Works,0.8
Paldean Clodsire,Obsidian Flames,Scarlet & Violet,2023/08/11,Uncommon,Pokémon,Stage 1,Darkness,140,Kouki Saitou,0.22
Chandelure,Obsidian Flames,Scarlet & Violet,2023/08/11,Uncommon,Pokémon,Stage 2,Fire,150,Haru Akasaka,0.32
Larvesta,Obsidian Flames,Scarlet & Violet,2023/08/11,Common,Pokémon,Basic,Fire,80,Yuka Morii,0.22
Charcadet,Obsidian Flames,Scarlet & Violet,2023/08/11,Common,Pokémon,Basic,Fire,70,Saya Tsuruta,0.1
Carvanha,Obsidian Flames,Scarlet & Violet,2023/08/11,Common,Pokémon,Basic,Water,50,Jerky,0.12
Palpitoad,Obsidian Flames,Scarlet & Violet,2023/08/11,Common,Pokémon,Stage 1,Water,100,sowsow,0.12
Froakie,Obsidian Flames,Scarlet & Violet,2023/08/11,Common,Pokémon,Basic,Water,70,Atsuya Uki,0.17
Frogadier,Obsidian Flames,Scarlet & Violet,2023/08/11,Uncommon,Pokémon,Stage 1,Water,90,Tonji Matsuno,0.15
Wugtrio,Obsidian Flames,Scarlet & Violet,2023/08/11,Uncommon,Pokémon,Stage 1,Water,90,Akira Komayama,0.23
Finizen,Obsidian Flames,Scarlet & Violet,2023/08/11,Common,Pokémon,Basic,Water,90,Kouki Saitou,0.3
Pawmot ex,Obsidian Flames,Scarlet & Violet,2023/08/11,Double Rare,Pokémon,"Stage 2, ex",Lightning,300,aky CG Works,0.7
Tadbulb,Obsidian Flames,Scarlet & Violet,2023/08/11,Common,Pokémon,Basic,Lightning,60,Saya Tsuruta,0.13
Bellibolt,Obsidian Flames,Scarlet & Violet,2023/08/11,Uncommon,Pokémon,Stage 1,Lightning,140,Toshinao Aoki,0.24
Miraidon ex,Obsidian Flames,Scarlet & Violet,2023/08/11,Double Rare,Pokémon,"Basic, ex",Lightning,220,5ban Graphics,0.98
Togetic,Obsidian Flames,Scarlet & Violet,2023/08/11,Uncommon,Pokémon,Stage 1,Psychic,90,Kyoko Umemoto,0.17
Grumpig,Obsidian Flames,Scarlet & Violet,2023/08/11,Uncommon,Pokémon,Stage 1,Psychic,120,Scav,0.15
Solrock,Obsidian Flames,Scarlet & Violet,2023/08/11,Uncommon,Pokémon,Basic,Psychic,90,Tetsu Kayama,0.25
Polteageist,Obsidian Flames,Scarlet & Violet,2023/08/11,Uncommon,Pokémon,Stage 1,Psychic,70,Megumi Mizutani,0.15
Houndstone,Obsidian Flames,Scarlet & Violet,2023/08/11,Uncommon,Pokémon,Stage 1,Psychic,140,Saya Tsuruta,0.13
Houndstone ex,Obsidian Flames,Scarlet & Violet,2023/08/11,Double Rare,Pokémon,"Stage 1, ex",Psychic,260,5ban Graphics,0.9
Dugtrio,Obsidian Flames,Scarlet & Violet,2023/08/11,Uncommon,Pokémon,Stage 1,Fighting,90,Nelnal,0.18
Diggersby,Obsidian Flames,Scarlet & Violet,2023/08/11,Uncommon,Pokémon,Stage 1,Fighting,140,SATOSHI NAKAI,0.21
Eldegoss,Sword & Shield,Sword & Shield,2020/02/07,Uncommon,Pokémon,Stage 1,Grass,80,Kagemaru Himeno,0.1
Galarian Ponyta,SWSH Black Star Promos,Sword & Shield,2019/11/15,Promo,Pokémon,Basic,Psychic,70,kirisAki,11.7
Gogoat,Vivid Voltage,Sword & Shield,2020/11/13,Uncommon,Pokémon,Stage 1,Grass,130,Mina Nakai,0.16
Grubbin,Rebel Clash,Sword & Shield,2020/05/01,Common,Pokémon,Basic,Grass,60,Tomokazu Komiya,0.07
Steenee,Darkness Ablaze,Sword & Shield,2020/08/14,Uncommon,Pokémon,Stage 1,Grass,80,sui,0.27
Alcremie VMAX,Champion's Path,Sword & Shield,2020/09/25,Rare Holo VMAX,Pokémon,VMAX,Psychic,310,5ban Graphics,6.61
Machop,Champion's Path,Sword & Shield,2020/09/25,Common,Pokémon,Basic,Fighting,70,Shibuzoh.,0.21
Dhelmise,Vivid Voltage,Sword & Shield,2020/11/13,Uncommon,Pokémon,Basic,Grass,130,Masakazu Fukuda,0.12
Tsareena,Darkness Ablaze,Sword & Shield,2020/08/14,Rare,Pokémon,Stage 2,Grass,150,so-taro,0.2
Rillaboom V,Rebel Clash,Sword & Shield,2020/05/01,Rare Holo V,Pokémon,"Basic, V",Grass,220,5ban Graphics,0.94
Vulpix,Sword & Shield,Sword & Shield,2020/02/07,Common,Pokémon,Basic,Fire,70,Taira Akitsu,0.44
Ninetales,Sword & Shield,Sword & Shield,2020/02/07,Rare,Pokémon,Stage 1,Fire,120,Megumi Higuchi,1.53
Rillaboom V,SWSH Black Star Promos,Sword & Shield,2019/11/15,Promo,Pokémon,"Basic, V",Grass,220,5ban Graphics,0.85
Machoke,Champion's Path,Sword & Shield,2020/09/25,Uncommon,Pokémon,Stage 1,Fighting,110,AKIRA EGAWA,0.14
Rillaboom VMAX,Rebel Clash,Sword & Shield,2020/05/01,Rare Holo VMAX,Pokémon,VMAX,Grass,330,5ban Graphics,2.35
Orbeetle V,Vivid Voltage,Sword & Shield,2020/11/13,Rare Holo V,Pokémon,"Basic, V",Grass,180,5ban Graphics,0.56
Wimpod,Darkness Ablaze,Sword & Shield,2020/08/14,Common,Pokémon,Basic,Grass,70,MAHOU,0.07
Cinderace V,SWSH Black Star Promos,Sword & Shield,2019/11/15,Promo,Pokémon,"Basic, V",Fire,210,5ban Graphics,0.88
Eldegoss V,Rebel Clash,Sword & Shield,2020/05/01,Rare Holo V,Pokémon,"Basic, V",Grass,180,5ban Graphics,0.93
Golisopod,Darkness Ablaze,Sword & Shield,2020/08/14,Rare Holo,Pokémon,Stage 1,Grass,130,Ryuta Fuse,0.4
Torkoal V,Sword & Shield,Sword & Shield,2020/02/07,Rare Holo V,Pokémon,"Basic, V",Fire,210,Ayaka Yoshida,0.98
Charizard V,Darkness Ablaze,Sword & Shield,2020/08/14,Rare Holo V,Pokémon,"Basic, V",Fire,220,aky CG Works,8.5
Orbeetle VMAX,Vivid Voltage,Sword & Shield,2020/11/13,Rare Holo VMAX,Pokémon,VMAX,Grass,310,5ban Graphics,1.61
Applin,Rebel Clash,Sword & Shield,2020/05/01,Common,Pokémon,Basic,Grass,40,Mizue,0.18
Inteleon V,SWSH Black Star Promos,Sword & Shield,2019/11/15,Promo,Pokémon,"Basic, V",Water,200,5ban Graphics,0.99
Machamp,Champion's Path,Sword & Shield,2020/09/25,Rare Holo,Pokémon,Stage 2,Fighting,170,Anesaki Dynamic,0.44
Victini V,Sword & Shield,Sword & Shield,2020/02/07,Rare Holo V,Pokémon,"Basic, V",Fire,190,PLANETA Tsuji,1.27
Heatmor,Sword & Shield,Sword & Shield,2020/02/07,Uncommon,Pokémon,Basic,Fire,110,kawayoo,0.02
Charizard VMAX,Darkness Ablaze,Sword & Shield,2020/08/14,Rare Holo VMAX,Pokémon,VMAX,Fire,330,aky CG Works,51.86
Zarude V,Vivid Voltage,Sword & Shield,2020/11/13,Rare Holo V,Pokémon,"Basic, V",Grass,210,PLANETA Igarashi,0.45
Lucario V,Champion's Path,Sword & Shield,2020/09/25,Rare Holo V,Pokémon,"Basic, V",Fighting,210,AKIRA EGAWA,3.87
Toxtricity V,SWSH Black Star Promos,Sword & Shield,2019/11/15,Promo,Pokémon,"Basic, V",Lightning,210,5ban Graphics,1.24
Houndoom V,Darkness Ablaze,Sword & Shield,2020/08/14,Rare Holo V,Pokémon,"Basic, V",Fire,210,Ayaka Yoshida,2.07
Zacian V,SWSH Black Star Promos,Sword & Shield,2019/11/15,Promo,Pokémon,"Basic, V",Metal,220,5ban Graphics,1.06
Salandit,Sword & Shield,Sword & Shield,2020/02/07,Common,Pokémon,Basic,Fire,70,SATOSHI NAKAI,0.06
Charmander,Vivid Voltage,Sword & Shield,2020/11/13,Common,Pokémon,Basic,Fire,70,MAHOU,0.3
Salazzle,Sword & Shield,Sword & Shield,2020/02/07,Uncommon,Pokémon,Stage 1,Fire,120,Tomokazu Komiya,0.61
Zamazenta V,SWSH Black Star Promos,Sword & Shield,2019/11/15,Promo,Pokémon,"Basic, V",Metal,230,aky CG Works,0.98
Charmeleon,Vivid Voltage,Sword & Shield,2020/11/13,Uncommon,Pokémon,Stage 1,Fire,90,SATOSHI NAKAI,0.31
Zygarde,Champion's Path,Sword & Shield,2020/09/25,Rare Holo,Pokémon,Basic,Fighting,140,Shin Nagasawa,0.27
Applin,Rebel Clash,Sword & Shield,2020/05/01,Common,Pokémon,Basic,Grass,40,Kagemaru Himeno,0.42
Torchic,Darkness Ablaze,Sword & Shield,2020/08/14,Common,Pokémon,Basic,Fire,60,Yuka Morii,0.24
Charizard,Vivid Voltage,Sword & Shield,2020/11/13,Rare,Pokémon,Stage 2,Fire,170,Ryuta Fuse,4.05
Combusken,Darkness Ablaze,Sword & Shield,2020/08/14,Uncommon,Pokémon,Stage 1,Fire,90,kodama,0.32
Turtonator,Sword & Shield,Sword & Shield,2020/02/07,Rare,Pokémon,Basic,Fire,130,KEIICHIRO ITO,0.11
Flapple,Rebel Clash,Sword & Shield,2020/05/01,Rare Holo,Pokémon,Stage 1,Grass,80,Shin Nagasawa,0.63
Rockruff,Champion's Path,Sword & Shield,2020/09/25,Common,Pokémon,Basic,Fighting,70,Naoyo Kimura,0.22
Pikachu,SWSH Black Star Promos,Sword & Shield,2019/11/15,Promo,Pokémon,Basic,Lightning,70,Hideki Ishikawa,106.87
Lycanroc,Champion's Path,Sword & Shield,2020/09/25,Rare Holo,Pokémon,Stage 1,Fighting,120,Ryuta Fuse,0.23
Flareon,Vivid Voltage,Sword & Shield,2020/11/13,Rare,Pokémon,Stage 1,Fire,110,Eri Yamaki,0.46
Blaziken,Darkness Ablaze,Sword & Shield,2020/08/14,Rare Holo,Pokémon,Stage 2,Fire,170,Ryuta Fuse,0.59
Appletun,Rebel Clash,Sword & Shield,2020/05/01,Rare Holo,Pokémon,Stage 1,Grass,90,Akira Komayama,0.68
Scorbunny,Sword & Shield,Sword & Shield,2020/02/07,Common,Pokémon,Basic,Fire,60,kirisAki,0.17
Polteageist V,SWSH Black Star Promos,Sword & Shield,2019/11/15,Promo,Pokémon,"Basic, V",Psychic,170,PLANETA Igarashi,2.08
Vulpix,Rebel Clash,Sword & Shield,2020/05/01,Common,Pokémon,Basic,Fire,60,sui,0.72
Slugma,Vivid Voltage,Sword & Shield,2020/11/13,Common,Pokémon,Basic,Fire,70,Mina Nakai,0.03
Rolycoly,Champion's Path,Sword & Shield,2020/09/25,Common,Pokémon,Basic,Fighting,70,Masakazu Fukuda,0.23
Heatran,Darkness Ablaze,Sword & Shield,2020/08/14,Rare Holo,Pokémon,Basic,Fire,130,Anesaki Dynamic,0.32
Grapploct V,Champion's Path,Sword & Shield,2020/09/25,Rare Holo V,Pokémon,"Basic, V",Fighting,210,PLANETA Igarashi,0.83
Scorbunny,Sword & Shield,Sword & Shield,2020/02/07,Common,Pokémon,Basic,Fire,70,Kagemaru Himeno,0.29
Magcargo,Vivid Voltage,Sword & Shield,2020/11/13,Uncommon,Pokémon,Stage 1,Fire,130,Masakazu Fukuda,0.02
Flapple,SWSH Black Star Promos,Sword & Shield,2019/11/15,Promo,Pokémon,Stage 1,Grass,80,Hitoshi Ariga,63.31
Ninetales,Rebel Clash,Sword & Shield,2020/05/01,Rare,Pokémon,Stage 1,Fire,120,AKIRA EGAWA,4.71
Pansear,Darkness Ablaze,Sword & Shield,2020/08/14,Common,Pokémon,Basic,Fire,60,Megumi Higuchi,0.21
Luxray,SWSH Black Star Promos,Sword & Shield,2019/11/15,Promo,Pokémon,Stage 2,Lightning,160,Megumi Higuchi,81.43
Ekans,Champion's Path,Sword & Shield,2020/09/25,Common,Pokémon,Basic,Darkness,70,Uta,0.21
Simisear,Darkness Ablaze,Sword & Shield,2020/08/14,Uncommon,Pokémon,Stage 1,Fire,100,0313,0.06
Raboot,Sword & Shield,Sword & Shield,2020/02/07,Uncommon,Pokémon,Stage 1,Fire,90,Mizue,0.7
Talonflame V,Vivid Voltage,Sword & Shield,2020/11/13,Rare Holo V,Pokémon,"Basic, V",Fire,190,Ryota Murayama,0.81
Ninetales V,Rebel Clash,Sword & Shield,2020/05/01,Rare Holo V,Pokémon,"Basic, V",Fire,200,Saki Hayashiro,5.4
Arbok,Champion's Path,Sword & Shield,2020/09/25,Uncommon,Pokémon,Stage 1,Darkness,120,nagimiso,0.13
Vaporeon,Vivid Voltage,Sword & Shield,2020/11/13,Rare,Pokémon,Stage 1,Water,110,kodama,0.94
Coalossal,SWSH Black Star Promos,Sword & Shield,2019/11/15,Promo,Pokémon,Stage 2,Fighting,160,Kouki Saitou,32.72
Growlithe,Rebel Clash,Sword & Shield,2020/05/01,Common,Pokémon,Basic,Fire,80,Ryota Murayama,0.52
Raboot,Sword & Shield,Sword & Shield,2020/02/07,Uncommon,Pokémon,Stage 1,Fire,90,Akira Komayama,0.1
Galarian Darmanitan,Darkness Ablaze,Sword & Shield,2020/08/14,Rare,Pokémon,Stage 1,Fire,140,Misa Tsutsui,0.56
Wailmer,Vivid Voltage,Sword & Shield,2020/11/13,Common,Pokémon,Basic,Water,100,Yukiko Baba,0.13
Garbodor,SWSH Black Star Promos,Sword & Shield,2019/11/15,Promo,Pokémon,Stage 1,Darkness,120,tetsuya koizumi,55.82
Arcanine,Rebel Clash,Sword & Shield,2020/05/01,Rare,Pokémon,Stage 1,Fire,130,Hasuno,0.64
Larvesta,Darkness Ablaze,Sword & Shield,2020/08/14,Common,Pokémon,Basic,Fire,70,Uta,0.05
Galarian Zigzagoon,Champion's Path,Sword & Shield,2020/09/25,Common,Pokémon,Basic,Darkness,70,Kouki Saitou,0.15
Cinderace,Sword & Shield,Sword & Shield,2020/02/07,Rare Holo,Pokémon,Stage 2,Fire,170,Kouki Saitou,0.36
Volcarona,Darkness Ablaze,Sword & Shield,2020/08/14,Rare,Pokémon,Stage 1,Fire,120,NC Empire,0.39
Galarian Linoone,Champion's Path,Sword & Shield,2020/09/25,Common,Pokémon,Stage 1,Darkness,100,Akira Komayama,0.17
Wailord,Vivid Voltage,Sword & Shield,2020/11/13,Rare Holo,Pokémon,Stage 1,Water,200,SATOSHI NAKAI,0.57
Mantine,SWSH Black Star Promos,Sword & Shield,2019/11/15,Promo,Pokémon,Basic,Water,110,0313,1.98
Magmar,Rebel Clash,Sword & Shield,2020/05/01,Common,Pokémon,Basic,Fire,90,Shigenori Negishi,0.09
Cinderace,Sword & Shield,Sword & Shield,2020/02/07,Rare Holo,Pokémon,Stage 2,Fire,170,Naoki Saito,0.52
Fletchinder,Darkness Ablaze,Sword & Shield,2020/08/14,Uncommon,Pokémon,Stage 1,Fire,70,Mina Nakai,0.25
Magmortar,Rebel Clash,Sword & Shield,2020/05/01,Rare,Pokémon,Stage 1,Fire,140,Kazuma Koda,0.29
Galarian Obstagoon,Champion's Path,Sword & Shield,2020/09/25,Rare Holo,Pokémon,Stage 2,Darkness,170,Shin Nagasawa,0.11
Noctowl,SWSH Black Star Promos,Sword & Shield,2019/11/15,Promo,Pokémon,Stage 1,Colorless,110,Misa Tsutsui,2.64
Cinderace,Sword & Shield,Sword & Shield,2020/02/07,Rare,Pokémon,Stage 2,Fire,170,Shin Nagasawa,0.36
Oshawott,Vivid Voltage,Sword & Shield,2020/11/13,Common,Pokémon,Basic,Water,70,nagimiso,0.17
Dewott,Vivid Voltage,Sword & Shield,2020/11/13,Uncommon,Pokémon,Stage 1,Water,90,Megumi Higuchi,0.2
Absol,Champion's Path,Sword & Shield,2020/09/25,Uncommon,Pokémon,Basic,Darkness,100,kodama,0.33
Sizzlipede,Sword & Shield,Sword & Shield,2020/02/07,Common,Pokémon,Basic,Fire,70,Akira Komayama,0.09
Duraludon,SWSH Black Star Promos,Sword & Shield,2019/11/15,Promo,Pokémon,Basic,Metal,130,Ryuta Fuse,0.64
Litwick,Rebel Clash,Sword & Shield,2020/05/01,Common,Pokémon,Basic,Fire,60,Sekio,0.06
Talonflame,Darkness Ablaze,Sword & Shield,2020/08/14,Rare,Pokémon,Stage 2,Fire,140,kawayoo,0.37
Sizzlipede,Sword & Shield,Sword & Shield,2020/02/07,Common,Pokémon,Basic,Fire,70,Kouki Saitou,0.23
Purrloin,Champion's Path,Sword & Shield,2020/09/25,Common,Pokémon,Basic,Darkness,70,sowsow,0.29
Centiskorch V,Darkness Ablaze,Sword & Shield,2020/08/14,Rare Holo V,Pokémon,"Basic, V",Fire,210,5ban Graphics,0.84
Rayquaza,SWSH Black Star Promos,Sword & Shield,2019/11/15,Promo,Pokémon,Basic,Colorless,130,so-taro,8.55
Copperajah V,SWSH Black Star Promos,Sword & Shield,2019/11/15,Promo,Pokémon,"Basic, V",Metal,220,5ban Graphics,0.95
Centiskorch VMAX,Darkness Ablaze,Sword & Shield,2020/08/14,Rare Holo VMAX,Pokémon,VMAX,Fire,320,5ban Graphics,1.64
Liepard,Champion's Path,Sword & Shield,2020/09/25,Uncommon,Pokémon,Stage 1,Darkness,100,Hasuno,0.12
Samurott,Vivid Voltage,Sword & Shield,2020/11/13,Rare,Pokémon,Stage 2,Water,160,Shin Nagasawa,0.27
Lampent,Rebel Clash,Sword & Shield,2020/05/01,Uncommon,Pokémon,Stage 1,Fire,80,Kyoko Umemoto,0.31
Centiskorch,Sword & Shield,Sword & Shield,2020/02/07,Rare,Pokémon,Stage 1,Fire,130,Anesaki Dynamic,0.44
Scraggy,Champion's Path,Sword & Shield,2020/09/25,Common,Pokémon,Basic,Darkness,70,miki kudo,0.2
Galarian Mr. Mime,Darkness Ablaze,Sword & Shield,2020/08/14,Common,Pokémon,Basic,Water,80,Misa Tsutsui,0.27
Shellder,Sword & Shield,Sword & Shield,2020/02/07,Common,Pokémon,Basic,Water,70,Sekio,0.1
Galarian Darmanitan V,Vivid Voltage,Sword & Shield,2020/11/13,Rare Holo V,Pokémon,"Basic, V",Water,220,5ban Graphics,0.57
Morpeko,SWSH Black Star Promos,Sword & Shield,2019/11/15,Promo,Pokémon,Basic,Lightning,80,Hitoshi Ariga,0.52
Chandelure,Rebel Clash,Sword & Shield,2020/05/01,Rare Holo,Pokémon,Stage 2,Fire,140,Taira Akitsu,0.42
Heatmor,Rebel Clash,Sword & Shield,2020/05/01,Uncommon,Pokémon,Basic,Fire,120,Satoshi Shirai,0.21
Cloyster,Sword & Shield,Sword & Shield,2020/02/07,Rare,Pokémon,Stage 1,Water,130,MAHOU,0.21
Snorlax,SWSH Black Star Promos,Sword & Shield,2019/11/15,Promo,Pokémon,Basic,Colorless,150,Tika Matsuno,31.89
Galarian Darmanitan VMAX,Vivid Voltage,Sword & Shield,2020/11/13,Rare Holo VMAX,Pokémon,VMAX,Water,320,5ban Graphics,1.21
Scrafty,Champion's Path,Sword & Shield,2020/09/25,Rare Holo,Pokémon,Stage 1,Darkness,120,tetsuya koizumi,0.12
Zacian,SWSH Black Star Promos,Sword & Shield,2019/11/15,Promo,Pokémon,Basic,Metal,130,Kouki Saitou,3.59
Trubbish,Champion's Path,Sword & Shield,2020/09/25,Common,Pokémon,Basic,Darkness,60,nagimiso,0.18
Cinderace V,Rebel Clash,Sword & Shield,2020/05/01,Rare Holo V,Pokémon,"Basic, V",Fire,210,5ban Graphics,0.96
Krabby,Sword & Shield,Sword & Shield,2020/02/07,Common,Pokémon,Basic,Water,80,ryoma uratsuka,0.21
Galarian Mr. Rime,Darkness Ablaze,Sword & Shield,2020/08/14,Rare,Pokémon,Stage 1,Water,120,Naoki Saito,0.31
Cinderace VMAX,Rebel Clash,Sword & Shield,2020/05/01,Rare Holo VMAX,Pokémon,VMAX,Fire,320,5ban Graphics,3.0
Zamazenta,SWSH Black Star Promos,Sword & Shield,2019/11/15,Promo,Pokémon,Basic,Metal,130,Kouki Saitou,3.91
Chewtle,Vivid Voltage,Sword & Shield,2020/11/13,Common,Pokémon,Basic,Water,80,kirisAki,0.12
Suicune,Darkness Ablaze,Sword & Shield,2020/08/14,Rare Holo,Pokémon,Basic,Water,120,so-taro,0.95
Krabby,Sword & Shield,Sword & Shield,2020/02/07,Common,Pokémon,Basic,Water,80,miki kudo,0.33
Inkay,Champion's Path,Sword & Shield,2020/09/25,Common,Pokémon,Basic,Darkness,60,sui,0.14
Feebas,Darkness Ablaze,Sword & Shield,2020/08/14,Common,Pokémon,Basic,Water,30,HYOGONOSUKE,0.31
Malamar,Champion's Path,Sword & Shield,2020/09/25,Uncommon,Pokémon,Stage 1,Darkness,120,kawayoo,0.16
Decidueye,SWSH Black Star Promos,Sword & Shield,2019/11/15,Promo,Pokémon,Stage 2,Grass,140,Souichirou Gunjima,6.47
Kingler,Sword & Shield,Sword & Shield,2020/02/07,Uncommon,Pokémon,Stage 1,Water,130,tetsuya koizumi,0.44
Drednaw,Vivid Voltage,Sword & Shield,2020/11/13,Rare,Pokémon,Stage 1,Water,140,Taira Akitsu,0.07
Galarian Mr. Mime,Rebel Clash,Sword & Shield,2020/05/01,Common,Pokémon,Basic,Water,80,kirisAki,0.09
Milotic,Darkness Ablaze,Sword & Shield,2020/08/14,Rare Holo,Pokémon,Stage 1,Water,120,AKIRA EGAWA,0.73
Goldeen,Sword & Shield,Sword & Shield,2020/02/07,Common,Pokémon,Basic,Water,70,Suwama Chiaki,0.07
Galarian Mr. Rime,Rebel Clash,Sword & Shield,2020/05/01,Rare,Pokémon,Stage 1,Water,110,Mitsuhiro Arita,0.59
Nickit,Champion's Path,Sword & Shield,2020/09/25,Common,Pokémon,Basic,Darkness,70,Naoki Saito,0.18
Arctozolt,SWSH Black Star Promos,Sword & Shield,2019/11/15,Promo,Pokémon,Stage 1,Lightning,130,Hasuno,43.42
Cramorant,Vivid Voltage,Sword & Shield,2020/11/13,Uncommon,Pokémon,Basic,Water,110,Sanosuke Sakuma,0.27
Hydreigon,SWSH Black Star Promos,Sword & Shield,2019/11/15,Promo,Pokémon,Stage 2,Darkness,160,Taira Akitsu,8.37
Arrokuda,Vivid Voltage,Sword & Shield,2020/11/13,Common,Pokémon,Basic,Water,60,Hitoshi Ariga,0.14
Relicanth,Darkness Ablaze,Sword & Shield,2020/08/14,Uncommon,Pokémon,Basic,Water,90,MAHOU,0.03
Duraludon V,Champion's Path,Sword & Shield,2020/09/25,Rare Holo V,Pokémon,"Basic, V",Metal,220,aky CG Works,0.95
Goldeen,Sword & Shield,Sword & Shield,2020/02/07,Common,Pokémon,Basic,Water,70,SATOSHI NAKAI,0.05
Magikarp,Rebel Clash,Sword & Shield,2020/05/01,Common,Pokémon,Basic,Water,30,kanahei,18.83
Panpour,Darkness Ablaze,Sword & Shield,2020/08/14,Common,Pokémon,Basic,Water,60,ryoma uratsuka,0.25
Barraskewda,Vivid Voltage,Sword & Shield,2020/11/13,Rare,Pokémon,Stage 1,Water,120,Akira Komayama,0.3
Swablu,Champion's Path,Sword & Shield,2020/09/25,Common,Pokémon,Basic,Colorless,50,0313,0.19
Gyarados,Rebel Clash,Sword & Shield,2020/05/01,Rare Holo,Pokémon,Stage 1,Water,180,hatachu,3.31
Kangaskhan,SWSH Black Star Promos,Sword & Shield,2019/11/15,Promo,Pokémon,Basic,Colorless,130,HYOGONOSUKE,11.62
Seaking,Sword & Shield,Sword & Shield,2020/02/07,Uncommon,Pokémon,Stage 1,Water,110,Shibuzoh.,0.12
Lapras,Sword & Shield,Sword & Shield,2020/02/07,Rare,Pokémon,Basic,Water,130,Kazuma Koda,0.77
Wingull,Rebel Clash,Sword & Shield,2020/05/01,Common,Pokémon,Basic,Water,70,0313,0.34
Pikachu V,Vivid Voltage,Sword & Shield,2020/11/13,Rare Holo V,Pokémon,"Basic, V",Lightning,190,Saki Hayashiro,2.34
Altaria,Champion's Path,Sword & Shield,2020/09/25,Rare Holo,Pokémon,Stage 1,Colorless,110,Taira Akitsu,0.22
Pikachu,SWSH Black Star Promos,Sword & Shield,2019/11/15,Promo,Pokémon,Basic,Lightning,60,Hitoshi Ariga,10.17
Simipour,Darkness Ablaze,Sword & Shield,2020/08/14,Uncommon,Pokémon,Stage 1,Water,100,Shigenori Negishi,0.31
Hatenna,SWSH Black Star Promos,Sword & Shield,2019/11/15,Promo,Pokémon,Basic,Psychic,60,Misa Tsutsui,0.52
Galarian Darumaka,Darkness Ablaze,Sword & Shield,2020/08/14,Common,Pokémon,Basic,Water,70,Shin Nagasawa,0.27
Pelipper,Rebel Clash,Sword & Shield,2020/05/01,Uncommon,Pokémon,Stage 1,Water,120,Eri Yamaki,0.03
Pikachu VMAX,Vivid Voltage,Sword & Shield,2020/11/13,Rare Holo VMAX,Pokémon,VMAX,Lightning,310,aky CG Works,12.71
Lapras V,Sword & Shield,Sword & Shield,2020/02/07,Rare Holo V,Pokémon,"Basic, V",Water,210,Hasuno,3.0
Milotic V,Rebel Clash,Sword & Shield,2020/05/01,Rare Holo V,Pokémon,"Basic, V",Water,210,Ayaka Yoshida,3.47
Lapras VMAX,Sword & Shield,Sword & Shield,2020/02/07,Rare Holo VMAX,Pokémon,VMAX,Water,320,5ban Graphics,6.32
Flareon,SWSH Black Star Promos,Sword & Shield,2019/11/15,Promo,Pokémon,Stage 1,Fire,110,You Iribi,8.92
Voltorb,Vivid Voltage,Sword & Shield,2020/11/13,Common,Pokémon,Basic,Lightning,60,Sekio,0.22
Galarian Darmanitan,Darkness Ablaze,Sword & Shield,2020/08/14,Rare,Pokémon,Stage 1,Water,140,Masakazu Fukuda,0.31
Electrode,Vivid Voltage,Sword & Shield,2020/11/13,Rare Holo,Pokémon,Stage 1,Lightning,90,sui,0.35
Qwilfish,Sword & Shield,Sword & Shield,2020/02/07,Uncommon,Pokémon,Basic,Water,90,Midori Harada,0.11
Eevee,SWSH Black Star Promos,Sword & Shield,2019/11/15,Promo,Pokémon,Basic,Colorless,60,You Iribi,11.46
Tympole,Rebel Clash,Sword & Shield,2020/05/01,Common,Pokémon,Basic,Water,60,Aya Kusube,0.1
Palpitoad,Rebel Clash,Sword & Shield,2020/05/01,Uncommon,Pokémon,Stage 1,Water,90,MAHOU,0.32
Mantine,Sword & Shield,Sword & Shield,2020/02/07,Uncommon,Pokémon,Basic,Water,110,Jumpei Akasaka,0.48
Jolteon,Vivid Voltage,Sword & Shield,2020/11/13,Rare,Pokémon,Stage 1,Lightning,100,Mizue,0.5
Vanillite,Darkness Ablaze,Sword & Shield,2020/08/14,Common,Pokémon,Basic,Water,60,Sanosuke Sakuma,0.05
Galarian Sirfetch'd V,SWSH Black Star Promos,Sword & Shield,2019/11/15,Promo,Pokémon,"Basic, V",Fighting,210,PLANETA Tsuji,1.16
Eternatus V,SWSH Black Star Promos,Sword & Shield,2019/11/15,Promo,Pokémon,"Basic, V",Darkness,220,5ban Graphics,2.66
Zapdos,Vivid Voltage,Sword & Shield,2020/11/13,Rare Holo,Pokémon,Basic,Lightning,110,AKIRA EGAWA,0.5
Vanillish,Darkness Ablaze,Sword & Shield,2020/08/14,Uncommon,Pokémon,Stage 1,Water,80,Shibuzoh.,0.3
Seismitoad,Rebel Clash,Sword & Shield,2020/05/01,Rare,Pokémon,Stage 2,Water,170,SATOSHI NAKAI,0.25
Keldeo V,Sword & Shield,Sword & Shield,2020/02/07,Rare Holo V,Pokémon,"Basic, V",Water,210,PLANETA Igarashi,1.25
Vanilluxe,Darkness Ablaze,Sword & Shield,2020/08/14,Rare,Pokémon,Stage 2,Water,150,kodama,0.32
Ampharos V,Vivid Voltage,Sword & Shield,2020/11/13,Rare Holo V,Pokémon,"Basic, V",Lightning,210,Ryuta Fuse,1.04
Sobble,Sword & Shield,Sword & Shield,2020/02/07,Common,Pokémon,Basic,Water,60,Megumi Mizutani,0.05
Galarian Darumaka,Rebel Clash,Sword & Shield,2020/05/01,Common,Pokémon,Basic,Water,80,Akira Komayama,0.3
Eternatus VMAX,SWSH Black Star Promos,Sword & Shield,2019/11/15,Promo,Pokémon,VMAX,Darkness,340,5ban Graphics,2.32
Galarian Darmanitan,Rebel Clash,Sword & Shield,2020/05/01,Rare,Pokémon,Stage 1,Water,140,Kouki Saitou,0.5
Raikou,Vivid Voltage,Sword & Shield,2020/11/13,Amazing Rare,Pokémon,Basic,Lightning,110,Hideki Ishikawa,6.33
Eldegoss,SWSH Black Star Promos,Sword & Shield,2019/11/15,Promo,Pokémon,Stage 1,Grass,80,Mina Nakai,0.94
Inteleon V,Rebel Clash,Sword & Shield,2020/05/01,Rare Holo V,Pokémon,"Basic, V",Water,200,5ban Graphics,0.78
Electrike,Vivid Voltage,Sword & Shield,2020/11/13,Common,Pokémon,Basic,Lightning,60,Kyoko Umemoto,0.08
Cubchoo,Darkness Ablaze,Sword & Shield,2020/08/14,Common,Pokémon,Basic,Water,70,Saya Tsuruta,0.04
Drednaw,SWSH Black Star Promos,Sword & Shield,2019/11/15,Promo,Pokémon,Stage 1,Water,130,Anesaki Dynamic,1.7
Sobble,Sword & Shield,Sword & Shield,2020/02/07,Common,Pokémon,Basic,Water,70,Hitoshi Ariga,0.32
Inteleon VMAX,Rebel Clash,Sword & Shield,2020/05/01,Rare Holo VMAX,Pokémon,VMAX,Water,320,5ban Graphics,1.67
Beartic,Darkness Ablaze,Sword & Shield,2020/08/14,Rare,Pokémon,Stage 1,Water,140,Masakazu Fukuda,0.34
Manectric,Vivid Voltage,Sword & Shield,2020/11/13,Rare,Pokémon,Stage 1,Lightning,120,SATOSHI NAKAI,0.27
Centiskorch,SWSH Black Star Promos,Sword & Shield,2019/11/15,Promo,Pokémon,Stage 1,Fire,130,nagimiso,1.28
Cramorant,Rebel Clash,Sword & Shield,2020/05/01,Rare,Pokémon,Basic,Water,110,Mitsuhiro Arita,0.47
Drizzile,Sword & Shield,Sword & Shield,2020/02/07,Uncommon,Pokémon,Stage 1,Water,90,Naoki Saito,0.87
Wishiwashi,Darkness Ablaze,Sword & Shield,2020/08/14,Common,Pokémon,Basic,Water,30,sui,0.05
Drizzile,Sword & Shield,Sword & Shield,2020/02/07,Uncommon,Pokémon,Stage 1,Water,90,Mizue,0.19
Dubwool V,SWSH Black Star Promos,Sword & Shield,2019/11/15,Promo,Pokémon,"Basic, V",Colorless,210,5ban Graphics,0.55
Arrokuda,Rebel Clash,Sword & Shield,2020/05/01,Common,Pokémon,Basic,Water,60,Mina Nakai,0.28
Mareanie,Darkness Ablaze,Sword & Shield,2020/08/14,Common,Pokémon,Basic,Water,70,Tomokazu Komiya,0.38
Blitzle,Vivid Voltage,Sword & Shield,2020/11/13,Common,Pokémon,Basic,Lightning,60,Saya Tsuruta,0.07
Toxapex,Darkness Ablaze,Sword & Shield,2020/08/14,Uncommon,Pokémon,Stage 1,Water,130,Masakazu Fukuda,0.09
Zebstrika,Vivid Voltage,Sword & Shield,2020/11/13,Uncommon,Pokémon,Stage 1,Lightning,110,0313,0.06
Charizard V,SWSH Black Star Promos,Sword & Shield,2019/11/15,Promo,Pokémon,"Basic, V",Fire,220,5ban Graphics,12.41
Barraskewda,Rebel Clash,Sword & Shield,2020/05/01,Rare,Pokémon,Stage 1,Water,120,Kouki Saitou,0.48
Inteleon,Sword & Shield,Sword & Shield,2020/02/07,Rare Holo,Pokémon,Stage 2,Water,160,Kagemaru Himeno,0.61
Inteleon,Sword & Shield,Sword & Shield,2020/02/07,Rare,Pokémon,Stage 2,Water,160,Akira Komayama,0.33
Lapras,SWSH Black Star Promos,Sword & Shield,2019/11/15,Promo,Pokémon,Basic,Water,130,Megumi Higuchi,7.52
Joltik,Vivid Voltage,Sword & Shield,2020/11/13,Common,Pokémon,Basic,Lightning,40,Sumiyoshi Kizuki,0.14
Eiscue,Rebel Clash,Sword & Shield,2020/05/01,Rare Holo,Pokémon,Basic,Water,120,Kagemaru Himeno,0.64
Dracovish,Darkness Ablaze,Sword & Shield,2020/08/14,Rare Holo,Pokémon,Stage 1,Water,150,Hitoshi Ariga,1.35
Eiscue V,Rebel Clash,Sword & Shield,2020/05/01,Rare Holo V,Pokémon,"Basic, V",Water,210,PLANETA Tsuji,1.29
Arctovish,Darkness Ablaze,Sword & Shield,2020/08/14,Rare,Pokémon,Stage 1,Water,150,Shin Nagasawa,0.87
Gengar,SWSH Black Star Promos,Sword & Shield,2019/11/15,Promo,Pokémon,Stage 2,Psychic,110,Shibuzoh.,128.35
Galvantula,Vivid Voltage,Sword & Shield,2020/11/13,Uncommon,Pokémon,Stage 1,Lightning,90,Shigenori Negishi,0.11
Chewtle,Sword & Shield,Sword & Shield,2020/02/07,Common,Pokémon,Basic,Water,80,Mina Nakai,0.07
Voltorb,Rebel Clash,Sword & Shield,2020/05/01,Common,Pokémon,Basic,Lightning,50,Hasegawa Saki,0.03
Drednaw,Sword & Shield,Sword & Shield,2020/02/07,Rare,Pokémon,Stage 1,Water,130,Hitoshi Ariga,0.19
Tynamo,Vivid Voltage,Sword & Shield,2020/11/13,Common,Pokémon,Basic,Lightning,40,sowsow,0.07
Mareep,Darkness Ablaze,Sword & Shield,2020/08/14,Common,Pokémon,Basic,Lightning,60,sowsow,0.06
Machamp,SWSH Black Star Promos,Sword & Shield,2019/11/15,Promo,Pokémon,Stage 2,Fighting,170,SATOSHI NAKAI,4.88
Coalossal,SWSH Black Star Promos,Sword & Shield,2019/11/15,Promo,Pokémon,Stage 2,Fighting,160,Shigenori Negishi,1.25
Flaaffy,Darkness Ablaze,Sword & Shield,2020/08/14,Uncommon,Pokémon,Stage 1,Lightning,90,Tomokazu Komiya,0.45
Electrode,Rebel Clash,Sword & Shield,2020/05/01,Uncommon,Pokémon,Stage 1,Lightning,90,otumami,0.08
Eelektrik,Vivid Voltage,Sword & Shield,2020/11/13,Uncommon,Pokémon,Stage 1,Lightning,90,Masakazu Fukuda,0.21
Cramorant,Sword & Shield,Sword & Shield,2020/02/07,Rare,Pokémon,Basic,Water,110,Shin Nagasawa,0.21
Hatterene V,SWSH Black Star Promos,Sword & Shield,2019/11/15,Promo,Pokémon,"Basic, V",Psychic,200,PLANETA Igarashi,0.8
Ampharos,Darkness Ablaze,Sword & Shield,2020/08/14,Rare,Pokémon,Stage 2,Lightning,150,kodama,0.24
Electabuzz,Rebel Clash,Sword & Shield,2020/05/01,Common,Pokémon,Basic,Lightning,90,Midori Harada,0.27
Eelektross,Vivid Voltage,Sword & Shield,2020/11/13,Rare,Pokémon,Stage 2,Lightning,160,tetsuya koizumi,0.04
Snom,Sword & Shield,Sword & Shield,2020/02/07,Common,Pokémon,Basic,Water,50,Mina Nakai,0.13
Electrike,Darkness Ablaze,Sword & Shield,2020/08/14,Common,Pokémon,Basic,Lightning,60,Yumi,0.06
Frosmoth,Sword & Shield,Sword & Shield,2020/02/07,Rare Holo,Pokémon,Stage 1,Water,90,Kagemaru Himeno,0.41
Electivire,Rebel Clash,Sword & Shield,2020/05/01,Rare,Pokémon,Stage 1,Lightning,140,tetsuya koizumi,0.6
Morpeko V,SWSH Black Star Promos,Sword & Shield,2019/11/15,Promo,Pokémon,"Basic, V",Lightning,170,5ban Graphics,1.51
Zekrom,Vivid Voltage,Sword & Shield,2020/11/13,Rare Holo,Pokémon,Basic,Lightning,130,hatachu,0.43
Manectric,Darkness Ablaze,Sword & Shield,2020/08/14,Rare,Pokémon,Stage 1,Lightning,110,nagimiso,0.35
Zeraora,Vivid Voltage,Sword & Shield,2020/11/13,Rare Holo,Pokémon,Basic,Lightning,100,so-taro,0.52
Grimmsnarl V,SWSH Black Star Promos,Sword & Shield,2019/11/15,Promo,Pokémon,"Basic, V",Darkness,220,5ban Graphics,1.02
Pikachu,Sword & Shield,Sword & Shield,2020/02/07,Common,Pokémon,Basic,Lightning,60,Ryuta Fuse,0.71
Shinx,Rebel Clash,Sword & Shield,2020/05/01,Common,Pokémon,Basic,Lightning,60,Uta,0.33
Drednaw V,Champion's Path,Sword & Shield,2020/09/25,Rare Ultra,Pokémon,"Basic, V",Water,210,aky CG Works,1.43
Alcremie,SWSH Black Star Promos,Sword & Shield,2019/11/15,Promo,Pokémon,Stage 1,Psychic,110,sui,10.65
Vikavolt V,Darkness Ablaze,Sword & Shield,2020/08/14,Rare Holo V,Pokémon,"Basic, V",Lightning,210,Ayaka Yoshida,0.85
Pincurchin,Vivid Voltage,Sword & Shield,2020/11/13,Uncommon,Pokémon,Basic,Lightning,80,Kouki Saitou,0.24
Raichu,Sword & Shield,Sword & Shield,2020/02/07,Rare,Pokémon,Stage 1,Lightning,130,Hasuno,0.26
Luxio,Rebel Clash,Sword & Shield,2020/05/01,Uncommon,Pokémon,Stage 1,Lightning,90,ryoma uratsuka,0.29
Clefairy,Vivid Voltage,Sword & Shield,2020/11/13,Common,Pokémon,Basic,Psychic,60,HYOGONOSUKE,0.39
Galarian Obstagoon,SWSH Black Star Promos,Sword & Shield,2019/11/15,Promo,Pokémon,Stage 2,Darkness,160,Hasuno,1.54
Gardevoir V,Champion's Path,Sword & Shield,2020/09/25,Rare Ultra,Pokémon,"Basic, V",Psychic,210,PLANETA Mochizuki,4.8
Luxray,Rebel Clash,Sword & Shield,2020/05/01,Rare Holo,Pokémon,Stage 2,Lightning,160,Hasuno,0.43
Chinchou,Sword & Shield,Sword & Shield,2020/02/07,Common,Pokémon,Basic,Lightning,70,Sumiyoshi Kizuki,0.07
Galarian Cursola V,Champion's Path,Sword & Shield,2020/09/25,Rare Ultra,Pokémon,"Basic, V",Psychic,190,5ban Graphics,1.89
Tapu Koko,Darkness Ablaze,Sword & Shield,2020/08/14,Rare Holo,Pokémon,Basic,Lightning,110,Hasuno,0.39
Duraludon,SWSH Black Star Promos,Sword & Shield,2019/11/15,Promo,Pokémon,Basic,Metal,130,Kazuma Koda,1.85
Chinchou,Sword & Shield,Sword & Shield,2020/02/07,Common,Pokémon,Basic,Lightning,60,Yukiko Baba,0.05
Helioptile,Rebel Clash,Sword & Shield,2020/05/01,Common,Pokémon,Basic,Lightning,70,0313,0.26
Clefable,Vivid Voltage,Sword & Shield,2020/11/13,Rare,Pokémon,Stage 1,Psychic,100,Saya Tsuruta,0.65
Girafarig,Vivid Voltage,Sword & Shield,2020/11/13,Uncommon,Pokémon,Basic,Psychic,90,sowsow,0.14
Pikachu V,SWSH Black Star Promos,Sword & Shield,2019/11/15,Promo,Pokémon,"Basic, V",Lightning,190,Ryota Murayama,5.62
Heliolisk,Rebel Clash,Sword & Shield,2020/05/01,Uncommon,Pokémon,Stage 1,Lightning,110,SATOSHI NAKAI,0.24
Lanturn,Sword & Shield,Sword & Shield,2020/02/07,Rare,Pokémon,Stage 1,Lightning,120,Naoyo Kimura,0.19
Grapploct V,Champion's Path,Sword & Shield,2020/09/25,Rare Ultra,Pokémon,"Basic, V",Fighting,210,PLANETA Igarashi,1.36
Shedinja,Vivid Voltage,Sword & Shield,2020/11/13,Rare,Pokémon,Basic,Psychic,30,Tomokazu Komiya,0.64
Joltik,Sword & Shield,Sword & Shield,2020/02/07,Common,Pokémon,Basic,Lightning,50,Motofumi Fujiwara,0.05
Charjabug,Rebel Clash,Sword & Shield,2020/05/01,Uncommon,Pokémon,Stage 1,Lightning,90,Masakazu Fukuda,0.18
Toxel,Darkness Ablaze,Sword & Shield,2020/08/14,Common,Pokémon,Basic,Lightning,70,Akira Komayama,0.27
Eternatus V,SWSH Black Star Promos,Sword & Shield,2019/11/15,Promo,Pokémon,"Basic, V",Darkness,220,5ban Graphics,1.29
Shuppet,Vivid Voltage,Sword & Shield,2020/11/13,Common,Pokémon,Basic,Psychic,60,Miki Tanaka,0.26
Vikavolt,Rebel Clash,Sword & Shield,2020/05/01,Rare Holo,Pokémon,Stage 2,Lightning,150,kawayoo,0.53
Charizard VMAX,Champion's Path,Sword & Shield,2020/09/25,Rare Rainbow,Pokémon,VMAX,Fire,330,aky CG Works,233.74
Toxtricity,Darkness Ablaze,Sword & Shield,2020/08/14,Rare Holo,Pokémon,Stage 1,Lightning,120,Shin Nagasawa,0.47
Eevee V,SWSH Black Star Promos,Sword & Shield,2019/11/15,Promo,Pokémon,"Basic, V",Colorless,190,Kagemaru Himeno,6.13
Galvantula,Sword & Shield,Sword & Shield,2020/02/07,Uncommon,Pokémon,Stage 1,Lightning,100,otumami,0.36
Pincurchin,Darkness Ablaze,Sword & Shield,2020/08/14,Rare Holo,Pokémon,Basic,Lightning,80,Shin Nagasawa,0.3
Charizard,SWSH Black Star Promos,Sword & Shield,2019/11/15,Promo,Pokémon,Stage 2,Fire,170,NC Empire,580.92
Banette,Vivid Voltage,Sword & Shield,2020/11/13,Rare,Pokémon,Stage 1,Psychic,90,kodama,0.38
Boltund V,Rebel Clash,Sword & Shield,2020/05/01,Rare Holo V,Pokémon,"Basic, V",Lightning,200,aky CG Works,1.36
Drednaw VMAX,Champion's Path,Sword & Shield,2020/09/25,Rare Rainbow,Pokémon,VMAX,Water,320,aky CG Works,6.6
Tapu Koko V,Sword & Shield,Sword & Shield,2020/02/07,Rare Holo V,Pokémon,"Basic, V",Lightning,200,PLANETA Tsuji,1.03
Duskull,Vivid Voltage,Sword & Shield,2020/11/13,Common,Pokémon,Basic,Psychic,60,nagimiso,0.12
Dracozolt,Darkness Ablaze,Sword & Shield,2020/08/14,Rare,Pokémon,Stage 1,Lightning,160,Misa Tsutsui,0.73
Donphan,SWSH Black Star Promos,Sword & Shield,2019/11/15,Promo,Pokémon,Stage 1,Fighting,150,Eri Yamaki,3.9
Yamper,Sword & Shield,Sword & Shield,2020/02/07,Common,Pokémon,Basic,Lightning,70,Akira Komayama,0.41
Gardevoir VMAX,Champion's Path,Sword & Shield,2020/09/25,Rare Rainbow,Pokémon,VMAX,Psychic,320,5ban Graphics,19.31
Toxel,Rebel Clash,Sword & Shield,2020/05/01,Common,Pokémon,Basic,Lightning,70,nagimiso,0.34
Arctozolt,Darkness Ablaze,Sword & Shield,2020/08/14,Rare Holo,Pokémon,Stage 1,Lightning,130,Hitoshi Ariga,2.0
Dusclops,Vivid Voltage,Sword & Shield,2020/11/13,Uncommon,Pokémon,Stage 1,Psychic,90,Kazuma Koda,0.1
Jigglypuff,Darkness Ablaze,Sword & Shield,2020/08/14,Common,Pokémon,Basic,Psychic,70,Motofumi Fujiwara,0.4
Toxtricity,Rebel Clash,Sword & Shield,2020/05/01,Rare,Pokémon,Stage 1,Lightning,130,TOKIYA,0.41
Yamper,Sword & Shield,Sword & Shield,2020/02/07,Common,Pokémon,Basic,Lightning,70,Saya Tsuruta,0.08
Snorlax,SWSH Black Star Promos,Sword & Shield,2019/11/15,Promo,Pokémon,Basic,Colorless,130,Narumi Sato,229.56
Wigglytuff,Darkness Ablaze,Sword & Shield,2020/08/14,Rare,Pokémon,Stage 1,Psychic,120,Lee HyunJung,0.34
Lugia,SWSH Black Star Promos,Sword & Shield,2019/11/15,Promo,Pokémon,Basic,Colorless,130,kodama,44.12
Toxtricity V,Rebel Clash,Sword & Shield,2020/05/01,Rare Holo V,Pokémon,"Basic, V",Lightning,210,5ban Graphics,1.17
Boltund,Sword & Shield,Sword & Shield,2020/02/07,Rare Holo,Pokémon,Stage 1,Lightning,130,Misa Tsutsui,0.44
Dusknoir,Vivid Voltage,Sword & Shield,2020/11/13,Rare Holo,Pokémon,Stage 2,Psychic,150,Shigenori Negishi,0.33
Mew V,Darkness Ablaze,Sword & Shield,2020/08/14,Rare Holo V,Pokémon,"Basic, V",Psychic,180,PLANETA Mochizuki,6.85
Chimecho,Vivid Voltage,Sword & Shield,2020/11/13,Common,Pokémon,Basic,Psychic,70,Asako Ito,0.47
Grookey,SWSH Black Star Promos,Sword & Shield,2019/11/15,Promo,Pokémon,Basic,Grass,60,Akira Komayama,1.13
Toxtricity VMAX,Rebel Clash,Sword & Shield,2020/05/01,Rare Holo VMAX,Pokémon,VMAX,Lightning,320,5ban Graphics,4.8
Charizard V,Champion's Path,Sword & Shield,2020/09/25,Rare Secret,Pokémon,"Basic, V",Fire,220,5ban Graphics,261.05
Snubbull,Darkness Ablaze,Sword & Shield,2020/08/14,Common,Pokémon,Basic,Psychic,80,otumami,0.08
Boltund,Sword & Shield,Sword & Shield,2020/02/07,Rare Holo,Pokémon,Stage 1,Lightning,120,Kouki Saitou,0.36
Pincurchin V,Rebel Clash,Sword & Shield,2020/05/01,Rare Holo V,Pokémon,"Basic, V",Lightning,170,PLANETA Igarashi,1.15
Granbull,Darkness Ablaze,Sword & Shield,2020/08/14,Rare,Pokémon,Stage 1,Psychic,130,SATOSHI NAKAI,0.2
Scorbunny,SWSH Black Star Promos,Sword & Shield,2019/11/15,Promo,Pokémon,Basic,Fire,60,Akira Komayama,1.83
Woobat,Vivid Voltage,Sword & Shield,2020/11/13,Common,Pokémon,Basic,Psychic,60,sui,0.07
Pincurchin,Sword & Shield,Sword & Shield,2020/02/07,Common,Pokémon,Basic,Lightning,80,Akira Komayama,0.07
Lunatone,Darkness Ablaze,Sword & Shield,2020/08/14,Uncommon,Pokémon,Basic,Psychic,90,Miki Tanaka,0.06
Vaporeon,SWSH Black Star Promos,Sword & Shield,2019/11/15,Promo,Pokémon,Stage 1,Water,110,so-taro,6.77
Morpeko,Sword & Shield,Sword & Shield,2020/02/07,Rare,Pokémon,Basic,Lightning,90,Megumi Mizutani,0.81
Morpeko,Rebel Clash,Sword & Shield,2020/05/01,Uncommon,Pokémon,Basic,Lightning,80,Kouki Saitou,0.52
Swoobat,Vivid Voltage,Sword & Shield,2020/11/13,Uncommon,Pokémon,Stage 1,Psychic,100,Kagemaru Himeno,0.26
Sobble,SWSH Black Star Promos,Sword & Shield,2019/11/15,Promo,Pokémon,Basic,Water,60,Akira Komayama,5.96
Clefairy,Rebel Clash,Sword & Shield,2020/05/01,Common,Pokémon,Basic,Psychic,60,sowsow,0.97
Special Delivery Pikachu,SWSH Black Star Promos,Sword & Shield,2019/11/15,Promo,Pokémon,Basic,Lightning,60,The Pokémon Company Art Team,414.17
Cottonee,Vivid Voltage,Sword & Shield,2020/11/13,Common,Pokémon,Basic,Psychic,60,Mizue,0.06
Morpeko V,Sword & Shield,Sword & Shield,2020/02/07,Rare Holo V,Pokémon,"Basic, V",Lightning,170,5ban Graphics,1.14
Gothita,Darkness Ablaze,Sword & Shield,2020/08/14,Common,Pokémon,Basic,Psychic,60,Mizue,0.08
Morpeko VMAX,Sword & Shield,Sword & Shield,2020/02/07,Rare Holo VMAX,Pokémon,VMAX,Lightning,300,5ban Graphics,3.75
Gothorita,Darkness Ablaze,Sword & Shield,2020/08/14,Uncommon,Pokémon,Stage 1,Psychic,80,sowsow,0.31
Whimsicott,Vivid Voltage,Sword & Shield,2020/11/13,Rare,Pokémon,Stage 1,Psychic,90,Naoyo Kimura,0.33
Clefable,Rebel Clash,Sword & Shield,2020/05/01,Rare Holo,Pokémon,Stage 1,Psychic,110,miki kudo,1.62
Gothitelle,Darkness Ablaze,Sword & Shield,2020/08/14,Rare,Pokémon,Stage 2,Psychic,140,Eri Yamaki,0.45
Dedenne,Vivid Voltage,Sword & Shield,2020/11/13,Common,Pokémon,Basic,Psychic,70,Yuka Morii,0.64
Natu,Rebel Clash,Sword & Shield,2020/05/01,Common,Pokémon,Basic,Psychic,60,Naoyo Kimura,0.33
Galarian Ponyta,Sword & Shield,Sword & Shield,2020/02/07,Common,Pokémon,Basic,Psychic,70,Saya Tsuruta,0.28
Golett,Darkness Ablaze,Sword & Shield,2020/08/14,Common,Pokémon,Basic,Psychic,90,Ryuta Fuse,0.11
Xatu,Rebel Clash,Sword & Shield,2020/05/01,Uncommon,Pokémon,Stage 1,Psychic,120,so-taro,0.4
Galarian Rapidash,Sword & Shield,Sword & Shield,2020/02/07,Rare,Pokémon,Stage 1,Psychic,100,You Iribi,1.51
Xerneas,Vivid Voltage,Sword & Shield,2020/11/13,Rare Holo,Pokémon,Basic,Psychic,130,Kagemaru Himeno,0.53
Golurk,Darkness Ablaze,Sword & Shield,2020/08/14,Rare,Pokémon,Stage 1,Psychic,150,Anesaki Dynamic,0.06
Gastly,Sword & Shield,Sword & Shield,2020/02/07,Common,Pokémon,Basic,Psychic,60,Taira Akitsu,0.15
Diancie,Vivid Voltage,Sword & Shield,2020/11/13,Rare Holo,Pokémon,Basic,Psychic,90,Sanosuke Sakuma,0.18
Galarian Corsola,Rebel Clash,Sword & Shield,2020/05/01,Common,Pokémon,Basic,Psychic,80,Mitsuhiro Arita,0.36
Galarian Cursola,Rebel Clash,Sword & Shield,2020/05/01,Rare Holo,Pokémon,Stage 1,Psychic,100,Kagemaru Himeno,0.62
Dedenne,Darkness Ablaze,Sword & Shield,2020/08/14,Uncommon,Pokémon,Basic,Psychic,70,Shibuzoh.,0.57
Haunter,Sword & Shield,Sword & Shield,2020/02/07,Uncommon,Pokémon,Stage 1,Psychic,70,HYOGONOSUKE,0.2
Gengar,Sword & Shield,Sword & Shield,2020/02/07,Rare Holo,Pokémon,Stage 2,Psychic,110,Eri Yamaki,13.87
Milcery,Vivid Voltage,Sword & Shield,2020/11/13,Common,Pokémon,Basic,Psychic,50,Kouki Saitou,0.3
Morelull,Darkness Ablaze,Sword & Shield,2020/08/14,Common,Pokémon,Basic,Psychic,60,Suwama Chiaki,0.14
Sigilyph,Rebel Clash,Sword & Shield,2020/05/01,Rare,Pokémon,Basic,Psychic,110,Naoyo Kimura,0.48
Wobbuffet V,Sword & Shield,Sword & Shield,2020/02/07,Rare Holo V,Pokémon,"Basic, V",Psychic,220,Ayaka Yoshida,1.29
Alcremie,Vivid Voltage,Sword & Shield,2020/11/13,Rare,Pokémon,Stage 1,Psychic,90,Kagemaru Himeno,0.29
Sandygast,Rebel Clash,Sword & Shield,2020/05/01,Common,Pokémon,Basic,Psychic,80,Yuka Morii,0.3
Munna,Sword & Shield,Sword & Shield,2020/02/07,Common,Pokémon,Basic,Psychic,70,Asako Ito,0.34
Palossand,Rebel Clash,Sword & Shield,2020/05/01,Uncommon,Pokémon,Stage 1,Psychic,140,Hasuno,0.08
Shiinotic,Darkness Ablaze,Sword & Shield,2020/08/14,Uncommon,Pokémon,Stage 1,Psychic,110,Misa Tsutsui,0.29
Zacian,Vivid Voltage,Sword & Shield,2020/11/13,Amazing Rare,Pokémon,Basic,Psychic,110,Shin Nagasawa,5.49
Wooper,Vivid Voltage,Sword & Shield,2020/11/13,Common,Pokémon,Basic,Fighting,70,Mina Nakai,0.35
Hatenna,Rebel Clash,Sword & Shield,2020/05/01,Common,Pokémon,Basic,Psychic,60,Mina Nakai,0.34
Musharna,Sword & Shield,Sword & Shield,2020/02/07,Rare,Pokémon,Stage 1,Psychic,120,MAHOU,0.44
Mimikyu,Darkness Ablaze,Sword & Shield,2020/08/14,Rare,Pokémon,Basic,Psychic,70,Ryota Murayama,0.39
Quagsire,Vivid Voltage,Sword & Shield,2020/11/13,Rare,Pokémon,Stage 1,Fighting,120,otumami,0.35
Hattrem,Rebel Clash,Sword & Shield,2020/05/01,Uncommon,Pokémon,Stage 1,Psychic,80,kirisAki,0.14
Sinistea,Sword & Shield,Sword & Shield,2020/02/07,Common,Pokémon,Basic,Psychic,30,Saya Tsuruta,0.31
Polteageist,Sword & Shield,Sword & Shield,2020/02/07,Rare,Pokémon,Stage 1,Psychic,60,Shin Nagasawa,0.26
Hatterene,Rebel Clash,Sword & Shield,2020/05/01,Rare Holo,Pokémon,Stage 2,Psychic,150,Kagemaru Himeno,0.48
Shuckle,Vivid Voltage,Sword & Shield,2020/11/13,Uncommon,Pokémon,Basic,Fighting,70,Mizue,0.15
Sinistea,Darkness Ablaze,Sword & Shield,2020/08/14,Common,Pokémon,Basic,Psychic,30,Kouki Saitou,0.08
Phanpy,Vivid Voltage,Sword & Shield,2020/11/13,Common,Pokémon,Basic,Fighting,70,Shibuzoh.,0.39
Indeedee V,Sword & Shield,Sword & Shield,2020/02/07,Rare Holo V,Pokémon,"Basic, V",Psychic,180,5ban Graphics,1.08
Polteageist,Darkness Ablaze,Sword & Shield,2020/08/14,Uncommon,Pokémon,Stage 1,Psychic,60,kirisAki,0.05
Milcery,Rebel Clash,Sword & Shield,2020/05/01,Common,Pokémon,Basic,Psychic,50,Mina Nakai,0.23
Donphan,Vivid Voltage,Sword & Shield,2020/11/13,Rare,Pokémon,Stage 1,Fighting,150,Hasegawa Saki,0.37
Diglett,Darkness Ablaze,Sword & Shield,2020/08/14,Common,Pokémon,Basic,Fighting,50,Hideki Ishikawa,0.37
Hitmontop,Vivid Voltage,Sword & Shield,2020/11/13,Uncommon,Pokémon,Basic,Fighting,90,Sanosuke Sakuma,0.09
Alcremie,Rebel Clash,Sword & Shield,2020/05/01,Rare,Pokémon,Stage 1,Psychic,110,Mizue,0.94
Diglett,Sword & Shield,Sword & Shield,2020/02/07,Common,Pokémon,Basic,Fighting,60,Hasegawa Saki,0.21
Dugtrio,Darkness Ablaze,Sword & Shield,2020/08/14,Uncommon,Pokémon,Stage 1,Fighting,90,Yukiko Baba,0.34
Larvitar,Darkness Ablaze,Sword & Shield,2020/08/14,Common,Pokémon,Basic,Fighting,70,Sanosuke Sakuma,0.06
Dugtrio,Sword & Shield,Sword & Shield,2020/02/07,Uncommon,Pokémon,Stage 1,Fighting,90,Kyoko Umemoto,0.56
Indeedee,Rebel Clash,Sword & Shield,2020/05/01,Uncommon,Pokémon,Basic,Psychic,100,Mizue,0.07
Regirock,Vivid Voltage,Sword & Shield,2020/11/13,Rare Holo,Pokémon,Basic,Fighting,130,nagimiso,0.24
Dreepy,Rebel Clash,Sword & Shield,2020/05/01,Common,Pokémon,Basic,Psychic,60,Akira Komayama,0.36
Drakloak,Rebel Clash,Sword & Shield,2020/05/01,Uncommon,Pokémon,Stage 1,Psychic,90,Kouki Saitou,0.35
Riolu,Vivid Voltage,Sword & Shield,2020/11/13,Common,Pokémon,Basic,Fighting,70,ryoma uratsuka,0.09
Pupitar,Darkness Ablaze,Sword & Shield,2020/08/14,Uncommon,Pokémon,Stage 1,Fighting,80,Sekio,0.27
Hitmonlee,Sword & Shield,Sword & Shield,2020/02/07,Uncommon,Pokémon,Basic,Fighting,120,Shigenori Negishi,0.24
Dragapult,Rebel Clash,Sword & Shield,2020/05/01,Rare Holo,Pokémon,Stage 2,Psychic,150,Shin Nagasawa,0.61
Tyranitar,Darkness Ablaze,Sword & Shield,2020/08/14,Rare Holo,Pokémon,Stage 2,Fighting,180,nagimiso,0.65
Drilbur,Vivid Voltage,Sword & Shield,2020/11/13,Common,Pokémon,Basic,Fighting,70,Yuka Morii,0.36
Dragapult V,Rebel Clash,Sword & Shield,2020/05/01,Rare Holo V,Pokémon,"Basic, V",Psychic,210,aky CG Works,1.69
Hitmonchan,Sword & Shield,Sword & Shield,2020/02/07,Uncommon,Pokémon,Basic,Fighting,120,Shigenori Negishi,1.09
Terrakion,Vivid Voltage,Sword & Shield,2020/11/13,Rare,Pokémon,Basic,Fighting,140,NC Empire,0.23
Rhyhorn,Sword & Shield,Sword & Shield,2020/02/07,Common,Pokémon,Basic,Fighting,100,Sekio,0.29
Trapinch,Darkness Ablaze,Sword & Shield,2020/08/14,Common,Pokémon,Basic,Fighting,60,Asako Ito,0.65
Dragapult VMAX,Rebel Clash,Sword & Shield,2020/05/01,Rare Holo VMAX,Pokémon,VMAX,Psychic,320,aky CG Works,4.37
Zygarde,Vivid Voltage,Sword & Shield,2020/11/13,Rare Holo,Pokémon,Basic,Fighting,150,Ryuta Fuse,0.37
Vibrava,Darkness Ablaze,Sword & Shield,2020/08/14,Uncommon,Pokémon,Stage 1,Fighting,80,Sumiyoshi Kizuki,0.05
Galarian Farfetch'd,Rebel Clash,Sword & Shield,2020/05/01,Common,Pokémon,Basic,Fighting,80,Akira Komayama,0.33
Rhyhorn,Sword & Shield,Sword & Shield,2020/02/07,Common,Pokémon,Basic,Fighting,90,sui,0.28
Rhydon,Sword & Shield,Sword & Shield,2020/02/07,Uncommon,Pokémon,Stage 1,Fighting,120,KEIICHIRO ITO,0.44
Rockruff,Vivid Voltage,Sword & Shield,2020/11/13,Common,Pokémon,Basic,Fighting,70,Eri Yamaki,0.09
Galarian Sirfetch'd,Rebel Clash,Sword & Shield,2020/05/01,Rare Holo,Pokémon,Stage 1,Fighting,130,You Iribi,0.72
Rhyperior,Sword & Shield,Sword & Shield,2020/02/07,Rare Holo,Pokémon,Stage 2,Fighting,190,Satoshi Shirai,0.36
Flygon,Darkness Ablaze,Sword & Shield,2020/08/14,Rare,Pokémon,Stage 2,Fighting,150,hatachu,0.54
Solrock,Darkness Ablaze,Sword & Shield,2020/08/14,Uncommon,Pokémon,Basic,Fighting,90,Miki Tanaka,0.07
Sudowoodo,Sword & Shield,Sword & Shield,2020/02/07,Uncommon,Pokémon,Basic,Fighting,100,Yukiko Baba,0.19
Nosepass,Rebel Clash,Sword & Shield,2020/05/01,Common,Pokémon,Basic,Fighting,80,Miki Tanaka,0.24
Lycanroc,Vivid Voltage,Sword & Shield,2020/11/13,Rare,Pokémon,Stage 1,Fighting,120,Anesaki Dynamic,0.38
Meditite,Rebel Clash,Sword & Shield,2020/05/01,Common,Pokémon,Basic,Fighting,70,Yukiko Baba,0.05
Mudbray,Vivid Voltage,Sword & Shield,2020/11/13,Common,Pokémon,Basic,Fighting,80,Naoyo Kimura,0.04
Medicham,Rebel Clash,Sword & Shield,2020/05/01,Uncommon,Pokémon,Stage 1,Fighting,110,Suwama Chiaki,0.05
Hippopotas,Darkness Ablaze,Sword & Shield,2020/08/14,Common,Pokémon,Basic,Fighting,100,Shin Nagasawa,0.04
Baltoy,Sword & Shield,Sword & Shield,2020/02/07,Common,Pokémon,Basic,Fighting,70,Uta,0.27
Mudsdale,Vivid Voltage,Sword & Shield,2020/11/13,Rare,Pokémon,Stage 1,Fighting,140,tetsuya koizumi,0.25
Barboach,Rebel Clash,Sword & Shield,2020/05/01,Common,Pokémon,Basic,Fighting,70,Atsuko Nishida,0.26
Hippowdon,Darkness Ablaze,Sword & Shield,2020/08/14,Rare,Pokémon,Stage 1,Fighting,150,KEIICHIRO ITO,0.41
Baltoy,Sword & Shield,Sword & Shield,2020/02/07,Common,Pokémon,Basic,Fighting,60,Miki Tanaka,0.21
Claydol,Sword & Shield,Sword & Shield,2020/02/07,Rare,Pokémon,Stage 1,Fighting,120,Tomokazu Komiya,0.35
Rhyperior V,Darkness Ablaze,Sword & Shield,2020/08/14,Rare Holo V,Pokémon,"Basic, V",Fighting,230,Eske Yoshinob,0.76
Whiscash,Rebel Clash,Sword & Shield,2020/05/01,Rare,Pokémon,Stage 1,Fighting,140,kawayoo,0.47
Coalossal V,Vivid Voltage,Sword & Shield,2020/11/13,Rare Holo V,Pokémon,"Basic, V",Fighting,220,5ban Graphics,0.66
Regirock V,Sword & Shield,Sword & Shield,2020/02/07,Rare Holo V,Pokémon,"Basic, V",Fighting,220,PLANETA Tsuji,1.09
Diggersby,Darkness Ablaze,Sword & Shield,2020/08/14,Rare,Pokémon,Stage 1,Fighting,130,0313,0.2
Passimian,Darkness Ablaze,Sword & Shield,2020/08/14,Common,Pokémon,Basic,Fighting,110,SATOSHI NAKAI,0.05
Mudbray,Sword & Shield,Sword & Shield,2020/02/07,Common,Pokémon,Basic,Fighting,80,Shibuzoh.,0.19
Galarian Yamask,Rebel Clash,Sword & Shield,2020/05/01,Common,Pokémon,Basic,Fighting,70,Akira Komayama,0.09
Coalossal VMAX,Vivid Voltage,Sword & Shield,2020/11/13,Rare Holo VMAX,Pokémon,VMAX,Fighting,330,5ban Graphics,1.58
Galarian Runerigus,Rebel Clash,Sword & Shield,2020/05/01,Rare,Pokémon,Stage 1,Fighting,100,TOKIYA,0.54
Binacle,Rebel Clash,Sword & Shield,2020/05/01,Common,Pokémon,Basic,Fighting,80,Saya Tsuruta,0.25
Clobbopus,Vivid Voltage,Sword & Shield,2020/11/13,Common,Pokémon,Basic,Fighting,80,Misa Tsutsui,0.05
Mudsdale,Sword & Shield,Sword & Shield,2020/02/07,Rare,Pokémon,Stage 1,Fighting,150,Masakazu Fukuda,0.44
Galarian Sirfetch'd,Darkness Ablaze,Sword & Shield,2020/08/14,Rare,Pokémon,Stage 1,Fighting,130,Ryota Murayama,0.27
Barbaracle,Rebel Clash,Sword & Shield,2020/05/01,Rare,Pokémon,Stage 1,Fighting,120,Anesaki Dynamic,0.23
Galarian Slowbro V,Darkness Ablaze,Sword & Shield,2020/08/14,Rare Holo V,Pokémon,"Basic, V",Darkness,210,5ban Graphics,1.28
Silicobra,Sword & Shield,Sword & Shield,2020/02/07,Common,Pokémon,Basic,Fighting,80,Misa Tsutsui,0.1
Rolycoly,Rebel Clash,Sword & Shield,2020/05/01,Common,Pokémon,Basic,Fighting,70,Misa Tsutsui,0.08
Grapploct,Vivid Voltage,Sword & Shield,2020/11/13,Rare,Pokémon,Stage 1,Fighting,130,Hitoshi Ariga,0.36
Zamazenta,Vivid Voltage,Sword & Shield,2020/11/13,Amazing Rare,Pokémon,Basic,Fighting,110,aky CG Works,4.13
Silicobra,Sword & Shield,Sword & Shield,2020/02/07,Common,Pokémon,Basic,Fighting,70,Hitoshi Ariga,0.11
Grimer,Darkness Ablaze,Sword & Shield,2020/08/14,Common,Pokémon,Basic,Darkness,80,Ryota Murayama,0.06
Carkol,Rebel Clash,Sword & Shield,2020/05/01,Uncommon,Pokémon,Stage 1,Fighting,100,Mitsuhiro Arita,0.1
Poochyena,Vivid Voltage,Sword & Shield,2020/11/13,Common,Pokémon,Basic,Darkness,70,ryoma uratsuka,0.16
Sandaconda,Sword & Shield,Sword & Shield,2020/02/07,Rare,Pokémon,Stage 1,Fighting,140,Kouki Saitou,0.3
Muk,Darkness Ablaze,Sword & Shield,2020/08/14,Rare,Pokémon,Stage 1,Darkness,140,Eri Yamaki,0.07
Mightyena,Vivid Voltage,Sword & Shield,2020/11/13,Uncommon,Pokémon,Stage 1,Darkness,110,Aya Kusube,0.06
Coalossal,Rebel Clash,Sword & Shield,2020/05/01,Rare Holo,Pokémon,Stage 2,Fighting,160,Shin Nagasawa,0.94
Sandaconda,Sword & Shield,Sword & Shield,2020/02/07,Rare Holo,Pokémon,Stage 1,Fighting,130,nagimiso,0.12
Sandaconda V,Rebel Clash,Sword & Shield,2020/05/01,Rare Holo V,Pokémon,"Basic, V",Fighting,220,aky CG Works,0.86
Spinarak,Darkness Ablaze,Sword & Shield,2020/08/14,Common,Pokémon,Basic,Darkness,60,Kyoko Umemoto,0.1
Sableye,Vivid Voltage,Sword & Shield,2020/11/13,Uncommon,Pokémon,Basic,Darkness,70,KEIICHIRO ITO,0.09
Drapion V,Vivid Voltage,Sword & Shield,2020/11/13,Rare Holo V,Pokémon,"Basic, V",Darkness,210,Eske Yoshinob,0.53
Ariados,Darkness Ablaze,Sword & Shield,2020/08/14,Uncommon,Pokémon,Stage 1,Darkness,110,Shin Nagasawa,0.21
Falinks,Rebel Clash,Sword & Shield,2020/05/01,Uncommon,Pokémon,Basic,Fighting,90,Misa Tsutsui,0.35
Clobbopus,Sword & Shield,Sword & Shield,2020/02/07,Common,Pokémon,Basic,Fighting,60,Mina Nakai,0.08
Falinks V,Rebel Clash,Sword & Shield,2020/05/01,Rare Holo V,Pokémon,"Basic, V",Fighting,160,aky CG Works,0.99
Clobbopus,Sword & Shield,Sword & Shield,2020/02/07,Common,Pokémon,Basic,Fighting,80,Akira Komayama,0.12
Stonjourner,Rebel Clash,Sword & Shield,2020/05/01,Rare Holo,Pokémon,Basic,Fighting,140,Kouki Saitou,0.31
Sandile,Vivid Voltage,Sword & Shield,2020/11/13,Common,Pokémon,Basic,Darkness,70,Pani Kobayashi,0.04
Crobat V,Darkness Ablaze,Sword & Shield,2020/08/14,Rare Holo V,Pokémon,"Basic, V",Darkness,180,PLANETA Mochizuki,0.83
Koffing,Rebel Clash,Sword & Shield,2020/05/01,Common,Pokémon,Basic,Darkness,70,Kyoko Umemoto,0.08
Krokorok,Vivid Voltage,Sword & Shield,2020/11/13,Uncommon,Pokémon,Stage 1,Darkness,90,sowsow,0.26
Krookodile,Vivid Voltage,Sword & Shield,2020/11/13,Rare,Pokémon,Stage 2,Darkness,150,Ryuta Fuse,0.12
Galarian Weezing,Rebel Clash,Sword & Shield,2020/05/01,Rare Holo,Pokémon,Stage 1,Darkness,130,Mitsuhiro Arita,0.82
Darkrai,Darkness Ablaze,Sword & Shield,2020/08/14,Rare Holo,Pokémon,Basic,Darkness,120,nagimiso,0.4
Grapploct,Sword & Shield,Sword & Shield,2020/02/07,Rare,Pokémon,Stage 1,Fighting,130,Shin Nagasawa,0.34
Stunky,Rebel Clash,Sword & Shield,2020/05/01,Common,Pokémon,Basic,Darkness,70,Shigenori Negishi,0.15
Trubbish,Vivid Voltage,Sword & Shield,2020/11/13,Common,Pokémon,Basic,Darkness,70,Kyoko Umemoto,0.3
Stonjourner,Sword & Shield,Sword & Shield,2020/02/07,Rare,Pokémon,Basic,Fighting,120,Shin Nagasawa,0.2
Stonjourner V,Sword & Shield,Sword & Shield,2020/02/07,Rare Holo V,Pokémon,"Basic, V",Fighting,220,5ban Graphics,0.87
Skuntank,Rebel Clash,Sword & Shield,2020/05/01,Uncommon,Pokémon,Stage 1,Darkness,120,sowsow,0.42
Purrloin,Darkness Ablaze,Sword & Shield,2020/08/14,Common,Pokémon,Basic,Darkness,70,sowsow,0.04
Garbodor,Vivid Voltage,Sword & Shield,2020/11/13,Rare,Pokémon,Stage 1,Darkness,120,Hasuno,0.22
Spiritomb,Rebel Clash,Sword & Shield,2020/05/01,Rare,Pokémon,Basic,Darkness,60,Tomokazu Komiya,1.41
Galarian Meowth,Vivid Voltage,Sword & Shield,2020/11/13,Common,Pokémon,Basic,Metal,70,Kouki Saitou,0.31
Liepard,Darkness Ablaze,Sword & Shield,2020/08/14,Rare,Pokémon,Stage 1,Darkness,100,Hasuno,0.39
Deino,Darkness Ablaze,Sword & Shield,2020/08/14,Common,Pokémon,Basic,Darkness,60,Masakazu Fukuda,0.04
Trubbish,Rebel Clash,Sword & Shield,2020/05/01,Common,Pokémon,Basic,Darkness,60,HYOGONOSUKE,0.18
Stonjourner VMAX,Sword & Shield,Sword & Shield,2020/02/07,Rare Holo VMAX,Pokémon,VMAX,Fighting,330,5ban Graphics,1.76
Galarian Perrserker,Vivid Voltage,Sword & Shield,2020/11/13,Rare,Pokémon,Stage 1,Metal,120,Shin Nagasawa,0.07
Garbodor,Rebel Clash,Sword & Shield,2020/05/01,Rare,Pokémon,Stage 1,Darkness,120,AKIRA EGAWA,0.84
Zweilous,Darkness Ablaze,Sword & Shield,2020/08/14,Uncommon,Pokémon,Stage 1,Darkness,100,tetsuya koizumi,0.05
Forretress,Vivid Voltage,Sword & Shield,2020/11/13,Rare,Pokémon,Stage 1,Metal,120,Atsuko Nishida,0.27
Galarian Zigzagoon,Sword & Shield,Sword & Shield,2020/02/07,Common,Pokémon,Basic,Darkness,70,kirisAki,0.08
Galarian Linoone,Sword & Shield,Sword & Shield,2020/02/07,Uncommon,Pokémon,Stage 1,Darkness,100,nagimiso,0.17
Vullaby,Rebel Clash,Sword & Shield,2020/05/01,Common,Pokémon,Basic,Darkness,60,Shibuzoh.,0.24
Steelix V,Vivid Voltage,Sword & Shield,2020/11/13,Rare Holo V,Pokémon,"Basic, V",Metal,250,Satoshi Shirai,0.91
Hydreigon,Darkness Ablaze,Sword & Shield,2020/08/14,Rare,Pokémon,Stage 2,Darkness,160,kawayoo,0.18
Mandibuzz,Rebel Clash,Sword & Shield,2020/05/01,Rare,Pokémon,Stage 1,Darkness,120,kodama,0.14
Hoopa,Darkness Ablaze,Sword & Shield,2020/08/14,Rare Holo,Pokémon,Basic,Darkness,120,so-taro,0.32
Beldum,Vivid Voltage,Sword & Shield,2020/11/13,Common,Pokémon,Basic,Metal,70,Aya Kusube,0.08
Nickit,Darkness Ablaze,Sword & Shield,2020/08/14,Common,Pokémon,Basic,Darkness,70,Misa Tsutsui,0.11
Metang,Vivid Voltage,Sword & Shield,2020/11/13,Uncommon,Pokémon,Stage 1,Metal,100,Kazuma Koda,0.23
Galarian Obstagoon,Sword & Shield,Sword & Shield,2020/02/07,Rare Holo,Pokémon,Stage 2,Darkness,160,Kouki Saitou,0.26
Malamar V,Rebel Clash,Sword & Shield,2020/05/01,Rare Holo V,Pokémon,"Basic, V",Darkness,210,Eske Yoshinob,1.02
Metagross,Vivid Voltage,Sword & Shield,2020/11/13,Rare,Pokémon,Stage 2,Metal,170,kawayoo,0.18
Malamar VMAX,Rebel Clash,Sword & Shield,2020/05/01,Rare Holo VMAX,Pokémon,VMAX,Darkness,310,5ban Graphics,2.29
